id,customer_id,installment_name,amount,due_date,status
PAY-0001,Z0064-Z-Lukgaw,ชำระเต็มจำนวน 100%,130000,2026-05-05,paid
PAY-0002,Z0064-Z-Pattaya,ชำระเต็มจำนวน 100%,410000,2026-05-18,paid
PAY-0003,Z0076-Z-Z-478,ชำระเต็มจำนวน 100%,165400,2026-02-26,paid
PAY-0004,BGV01-Z-98/33,ชำระเต็มจำนวน 100%,230000,2026-06-11,paid
PAY-0005,Z0083-Z-Design,ชำระเต็มจำนวน 100%,130525,2026-05-21,paid
PAY-0006,ORP01-Z-227,ชำระเต็มจำนวน 100%,2000,2026-05-27,paid
PAY-0007,ORP01-Z-812,ชำระเต็มจำนวน 100%,2000,2026-04-06,paid
PAY-0008,Z0078-Z-MUR,ชำระเต็มจำนวน 100%,373832,2025-09-29,paid
PAY-0009,Z0074-Z-Built,ชำระเต็มจำนวน 100%,400000,2025-12-09,paid
PAY-0010,Z0074-Z-WPP,ชำระเต็มจำนวน 100%,38000,2025-09-26,paid
PAY-0011,Z0085-Z-989/391,ชำระ 50% แรก เริ่มงาน,5000,,paid
PAY-0012,Z0085-Z-XXX,มัดจำจองสิทธิ์,5000,,paid
PAY-0013,BTN35-Z-222/41,ชำระเต็มจำนวน 100%,66980,2026-06-30,paid
PAY-0014,KNB14-Z-2405,รับ PO / อนุมัติงาน,0,,paid
PAY-0015,KNB11-B-2001,ชำระเต็มจำนวน 100%,100000,,paid
PAY-0016,KNB06-Z-3124,ชำระเต็มจำนวน 100%,256400,2026-04-28,paid
PAY-0017,KNB12-Z-2009,รับ PO / อนุมัติงาน,0,,paid
PAY-0018,KNB16-Z-1401,ชำระเต็มจำนวน 100%,151990,2026-03-27,paid
PAY-0019,KNB16-Z-1501,รับ PO / อนุมัติงาน,0,,paid
PAY-0020,KNB16-Z-1632,รับ PO / อนุมัติงาน,0,,paid
PAY-0021,KNB16-Z-1802,มัดจำจองสิทธิ์,2000,,paid
PAY-0022,KNB16-Z-1804,รับ PO / อนุมัติงาน,0,,paid
PAY-0023,KNB16-Z-1807,รับ PO / อนุมัติงาน,0,,paid
PAY-0024,KNB16-Z-1809,มัดจำจองสิทธิ์,2000,,paid
PAY-0025,KNB16-Z-1811,ชำระเต็มจำนวน 100%,107200,2026-02-26,paid
PAY-0026,KNB16-Z-1904,ชำระเต็มจำนวน 100%,86900,2026-02-26,paid
PAY-0027,KNB16-Z-1908,ชำระเต็มจำนวน 100%,372400,2026-01-28,paid
PAY-0028,KNB16-Z-2505,รับ PO / อนุมัติงาน,0,,paid
PAY-0029,KNB16-Z-2517,รับ PO / อนุมัติงาน,0,,paid
PAY-0030,KNB16-Z-2608,รับ PO / อนุมัติงาน,0,,paid
PAY-0031,KNB16-Z-2617,รับ PO / อนุมัติงาน,0,,paid
PAY-0032,KNB16-Z-1914,ชำระเต็มจำนวน 100%,96200,2026-03-27,paid
PAY-0033,KNB16-Z-2008,ชำระ 50% แรก เริ่มงาน,87950,,paid
PAY-0034,KNB16-Z-2008,ชำระเต็มจำนวน 100%,735440,2026-06-22,paid
PAY-0035,KNB16-Z-2016,ชำระเต็มจำนวน 100%,100000,2026-01-28,paid
PAY-0036,KNB16-Z-2106,ชำระเต็มจำนวน 100%,24500,2026-05-20,paid
PAY-0037,KNB16-Z-2612,ชำระเต็มจำนวน 100%,26200,2026-02-26,paid
PAY-0038,KNB16-Z-2612,ชำระเต็มจำนวน 100%,86900,2026-02-26,paid
PAY-0039,KNB16-Z-2613,ชำระเต็มจำนวน 100%,86900,2026-03-27,paid
PAY-0040,KNB16-Z-2615,ชำระเต็มจำนวน 100%,86900,2026-02-26,paid
PAY-0041,KNB16-Z-2616,ชำระเต็มจำนวน 100%,86900,2026-03-27,paid
PAY-0042,KNB16-Z-2703,ชำระเต็มจำนวน 100%,86900,2026-01-28,paid
PAY-0043,KNB16-Z-2714,ชำระเต็มจำนวน 100%,96200,2026-03-27,paid
PAY-0044,KNB16-Z-2718,ชำระเต็มจำนวน 100%,82000,2026-01-28,paid
PAY-0045,KNB16-Z-3201,ชำระเต็มจำนวน 100%,160300,2026-03-27,paid
PAY-0046,KNB16-Z-3202,ชำระเต็มจำนวน 100%,134400,2026-03-27,paid
PAY-0047,KNB16-Z-3206,มัดจำจองสิทธิ์,20000,,paid
PAY-0048,Z0073-Z-1BM,ชำระเต็มจำนวน 100%,516434,2025-09-25,paid
PAY-0049,Z0073-Z-1BM,ชำระเต็มจำนวน 100%,500230,2025-09-25,paid
PAY-0050,Z0073-Z-1PB,ชำระเต็มจำนวน 100%,620926,2025-09-25,paid
PAY-0051,Z0073-Z-MUR,ชำระเต็มจำนวน 100%,580305,2026-09-25,paid
PAY-0052,Z0073-Z-Prop,ชำระเต็มจำนวน 100%,350000,2026-06-05,paid
PAY-0053,Z0073-Z-S1,ชำระเต็มจำนวน 100%,398486,2025-09-25,paid
PAY-0054,Z0070-Z-AC,ชำระเต็มจำนวน 100%,60000,2026-02-05,paid
PAY-0055,Z0070-Z-Door,ชำระเต็มจำนวน 100%,107865,2026-05-25,paid
PAY-0056,Z0070-Z-Int,ชำระเต็มจำนวน 100%,585051,2026-02-05,paid
PAY-0057,Z0070-Z-LF,ชำระเต็มจำนวน 100%,83781,2026-02-05,paid
PAY-0058,Z0070-Z-Studio,ชำระเต็มจำนวน 100%,240000,2026-02-05,paid
PAY-0059,OPL01-Z-1109,มัดจำจองสิทธิ์,3000,,paid
PAY-0060,OPL01-Z-1138,ชำระเต็มจำนวน 100%,15000,2026-03-27,paid
PAY-0061,OPL01-Z-1204,ชำระเต็มจำนวน 100%,16800,2026-04-07,paid
PAY-0062,OPL01-Z-1239,ชำระ 50% แรก เริ่มงาน,230000,,paid
PAY-0063,OPL01-Z-1241,มัดจำจองสิทธิ์,5000,,paid
PAY-0064,OPL01-Z-510,ชำระเต็มจำนวน 100%,12200,2026-03-27,paid
PAY-0065,OPL01-Z-532,มัดจำจองสิทธิ์,20000,,paid
PAY-0066,OPL01-Z-535,ชำระเต็มจำนวน 100%,21600,2026-03-27,paid
PAY-0067,OPL01-Z-540,ชำระเต็มจำนวน 100%,17400,2026-01-31,paid
PAY-0068,OPL01-Z-621,ชำระเต็มจำนวน 100%,85000,2026-03-27,paid
PAY-0069,OPL01-Z-640,ชำระเต็มจำนวน 100%,51100,2026-04-26,paid
PAY-0070,OPL01-Z-646,ชำระเต็มจำนวน 100%,74000,2026-01-28,paid
PAY-0071,OPL01-Z-704,ชำระเต็มจำนวน 100%,58500,2026-02-26,paid
PAY-0072,OPL01-Z-808,ชำระเต็มจำนวน 100%,22000,2026-02-26,paid
PAY-0073,OPL01-Z-832,ชำระเต็มจำนวน 100%,112240,2026-03-27,paid
PAY-0074,OPL01-Z-840,ชำระเต็มจำนวน 100%,14400,,paid
PAY-0075,OPL01-Z-840,ชำระเต็มจำนวน 100%,14400,2026-03-27,paid
PAY-0076,OPL01-Z-940,ชำระเต็มจำนวน 100%,63700,2026-02-26,paid
PAY-0077,OPL07-B-210,ชำระเต็มจำนวน 100%,20340,2026-05-14,paid
PAY-0078,OPL07-B-211,มัดจำจองสิทธิ์,5000,,paid
PAY-0079,OPL07-A-216,ชำระเต็มจำนวน 100%,67000,2026-06-12,paid
PAY-0080,OPL07-A-217,ชำระเต็มจำนวน 100%,3500,2026-05-14,paid
PAY-0081,OPL07-A-217,ชำระเต็มจำนวน 100%,11495,2026-05-14,paid
PAY-0082,OPL07-B-231,ชำระ 50% แรก เริ่มงาน,39500,,paid
PAY-0083,OPL07-A-329,ชำระเต็มจำนวน 100%,28000,,paid
PAY-0084,OPL07-A-329,ชำระเต็มจำนวน 100%,28000,2026-04-29,paid
PAY-0085,OPL07-B-402,ชำระ 50% แรก เริ่มงาน,19800,,paid
PAY-0086,OPL07-B-402,ชำระเต็มจำนวน 100%,19800,2026-06-12,paid
PAY-0087,OPL07-A-414,ชำระเต็มจำนวน 100%,19600,2026-06-09,paid
PAY-0088,OPL07-A-427,ชำระเต็มจำนวน 100%,70000,2026-06-16,paid
PAY-0089,OPL07-B-505,ชำระเต็มจำนวน 100%,139000,2026-06-30,paid
PAY-0090,OPL07-B-516,ชำระ 50% แรก เริ่มงาน,48700,,paid
PAY-0091,OPL07-B-516,ชำระเต็มจำนวน 100%,87400,2026-06-11,paid
PAY-0092,OPL07-B-526,ชำระเต็มจำนวน 100%,69882,2026-06-11,paid
PAY-0093,OPL07-A-527,มัดจำจองสิทธิ์,5000,,paid
PAY-0094,OPL07-A-527,ชำระเต็มจำนวน 100%,27560,2026-05-18,paid
PAY-0095,OPL07-B-527,ชำระเต็มจำนวน 100%,160000,2026-05-30,paid
PAY-0096,OPL07-B-531,ชำระ 50% แรก เริ่มงาน,19800,,paid
PAY-0097,OPL07-A-533,ชำระเต็มจำนวน 100%,229840,2026-06-12,paid
PAY-0098,OPL07-B-606,มัดจำจองสิทธิ์,5000,,paid
PAY-0099,OPL07-B-606,มัดจำจองสิทธิ์,5000,,paid
PAY-0100,OPL07-B-611,ชำระเต็มจำนวน 100%,30000,,paid
PAY-0101,OPL07-B-611,ชำระเต็มจำนวน 100%,30000,,paid
PAY-0102,OPL07-A-630,ชำระเต็มจำนวน 100%,140000,2026-06-30,paid
PAY-0103,OPL07-A-708,ชำระเต็มจำนวน 100%,10000,,paid
PAY-0104,OPL07-B-710,มัดจำจองสิทธิ์,5000,,paid
PAY-0105,OPL07-B-713,มัดจำจองสิทธิ์,5000,,paid
PAY-0106,OPL07-B-729,ชำระเต็มจำนวน 100%,39048,,paid
PAY-0107,OPL07-B-729,ชำระเต็มจำนวน 100%,43840,,paid
PAY-0108,OPL07-A-802,ชำระเต็มจำนวน 100%,5000,2026-05-26,paid
PAY-0109,OPL07-A-832,ชำระเต็มจำนวน 100%,91800,2026-06-11,paid
PAY-0110,OPL06-Z-1003,มัดจำจองสิทธิ์,5000,,paid
PAY-0111,OPL06-Z-1103,มัดจำจองสิทธิ์,10000,,paid
PAY-0112,OPL06-Z-1105,มัดจำจองสิทธิ์,5000,,paid
PAY-0113,OPL06-Z-1105,มัดจำจองสิทธิ์,5000,,paid
PAY-0114,OPL06-Z-1107,มัดจำจองสิทธิ์,5000,,paid
PAY-0115,OPL06-Z-1108,มัดจำจองสิทธิ์,5000,,paid
PAY-0116,OPL06-Z-1208,มัดจำจองสิทธิ์,5000,,paid
PAY-0117,OPL06-Z-1209,มัดจำจองสิทธิ์,5000,,paid
PAY-0118,OPL06-Z-1209,มัดจำจองสิทธิ์,5000,,paid
PAY-0119,OPL06-Z-1211,มัดจำจองสิทธิ์,5000,,paid
PAY-0120,OPL06-Z-1219,มัดจำจองสิทธิ์,5000,,paid
PAY-0121,OPL06-Z-1220,มัดจำจองสิทธิ์,5000,,paid
PAY-0122,OPL06-Z-12A01,มัดจำจองสิทธิ์,5000,,paid
PAY-0123,OPL06-Z-12A02,มัดจำจองสิทธิ์,10000,,paid
PAY-0124,OPL06-Z-12A17,มัดจำจองสิทธิ์,5000,,paid
PAY-0125,OPL06-Z-12A17,มัดจำจองสิทธิ์,5000,,paid
PAY-0126,OPL06-Z-1408,มัดจำจองสิทธิ์,5000,,paid
PAY-0127,OPL06-Z-1415,มัดจำจองสิทธิ์,5000,,paid
PAY-0128,OPL06-Z-1515,มัดจำจองสิทธิ์,5000,,paid
PAY-0129,OPL06-Z-1515,มัดจำจองสิทธิ์,5000,,paid
PAY-0130,OPL06-Z-1615,มัดจำจองสิทธิ์,5000,,paid
PAY-0131,OPL06-Z-1714,มัดจำจองสิทธิ์,5000,,paid
PAY-0132,OPL06-Z-1715,มัดจำจองสิทธิ์,5000,,paid
PAY-0133,OPL06-Z-1801,ชำระเต็มจำนวน 100%,10000,,paid
PAY-0134,OPL06-Z-1813,มัดจำจองสิทธิ์,5000,,paid
PAY-0135,OPL06-Z-1813,มัดจำจองสิทธิ์,5000,,paid
PAY-0136,OPL06-Z-2002,ชำระ 50% แรก เริ่มงาน,14655,,paid
PAY-0137,OPL06-Z-2006,มัดจำจองสิทธิ์,5000,,paid
PAY-0138,OPL06-Z-2009,มัดจำจองสิทธิ์,5000,,paid
PAY-0139,OPL06-Z-2009,มัดจำจองสิทธิ์,5000,,paid
PAY-0140,OPL06-Z-2101,มัดจำจองสิทธิ์,5000,,paid
PAY-0141,OPL06-Z-502,มัดจำจองสิทธิ์,14592,,paid
PAY-0142,OPL06-Z-506,มัดจำจองสิทธิ์,5000,,paid
PAY-0143,OPL06-Z-507,มัดจำจองสิทธิ์,10000,,paid
PAY-0144,OPL06-Z-508,มัดจำจองสิทธิ์,5000,,paid
PAY-0145,OPL06-Z-516,มัดจำจองสิทธิ์,5000,,paid
PAY-0146,OPL06-Z-605,มัดจำจองสิทธิ์,5000,,paid
PAY-0147,OPL06-Z-608,มัดจำจองสิทธิ์,5000,,paid
PAY-0148,OPL06-Z-608,มัดจำจองสิทธิ์,5000,,paid
PAY-0149,OPL06-Z-801,มัดจำจองสิทธิ์,5000,,paid
PAY-0150,OPL06-Z-805,มัดจำจองสิทธิ์,5000,,paid
PAY-0151,OPL06-Z-902,มัดจำจองสิทธิ์,5000,,paid
PAY-0152,OPL06-Z-905,มัดจำจองสิทธิ์,5000,,paid
PAY-0153,OPL06-Z-905,มัดจำจองสิทธิ์,5000,,paid
PAY-0154,OPL06-Z-910,มัดจำจองสิทธิ์,5000,,paid
PAY-0155,OPL06-Z-910,มัดจำจองสิทธิ์,5000,,paid
PAY-0156,OPL06-Z-919,มัดจำจองสิทธิ์,5000,,paid
PAY-0157,OPL06-Z-919,มัดจำจองสิทธิ์,5000,,paid
PAY-0158,ORP04-Z-1012,ชำระเต็มจำนวน 100%,179000,2026-04-29,paid
PAY-0159,ORP04-Z-1111,ชำระเต็มจำนวน 100%,8100,,paid
PAY-0160,ORP04-Z-1113,ชำระ 50% แรก เริ่มงาน,42500,,paid
PAY-0161,ORP04-Z-1121,มัดจำจองสิทธิ์,5000,,paid
PAY-0162,ORP04-Z-1201,มัดจำจองสิทธิ์,5000,,paid
PAY-0163,ORP04-Z-1205,มัดจำจองสิทธิ์,5000,,paid
PAY-0164,ORP04-Z-12A03,ชำระเต็มจำนวน 100%,310930,2026-04-26,paid
PAY-0165,ORP04-Z-12A23,ชำระเต็มจำนวน 100%,12300,2026-04-21,paid
PAY-0166,ORP04-Z-1401,มัดจำจองสิทธิ์,3000,,paid
PAY-0167,ORP04-Z-1402,ชำระเต็มจำนวน 100%,28140,2026-05-20,paid
PAY-0168,ORP04-Z-1404,ชำระเต็มจำนวน 100%,166880,2026-03-27,paid
PAY-0169,ORP04-Z-1418,ชำระเต็มจำนวน 100%,26300,2026-05-20,paid
PAY-0170,ORP04-Z-1421,มัดจำจองสิทธิ์,5000,,paid
PAY-0171,ORP04-Z-1507,ชำระเต็มจำนวน 100%,45000,2026-06-08,paid
PAY-0172,ORP04-Z-1510,ชำระเต็มจำนวน 100%,60420,,paid
PAY-0173,ORP04-Z-1510,ชำระเต็มจำนวน 100%,11900,2026-06-29,paid
PAY-0174,ORP04-Z-1512,ชำระเต็มจำนวน 100%,13000,,paid
PAY-0175,ORP04-Z-1512,ชำระเต็มจำนวน 100%,13000,2026-06-08,paid
PAY-0176,ORP04-Z-1517,ชำระเต็มจำนวน 100%,21100,2026-03-27,paid
PAY-0177,ORP04-Z-1520,ชำระเต็มจำนวน 100%,31000,2026-04-29,paid
PAY-0178,ORP04-Z-1525,ชำระเต็มจำนวน 100%,19000,2026-05-26,paid
PAY-0179,ORP04-Z-1601,มัดจำจองสิทธิ์,3000,,paid
PAY-0180,ORP04-Z-1611,ชำระเต็มจำนวน 100%,15800,,paid
PAY-0181,ORP04-Z-1611,ชำระเต็มจำนวน 100%,15800,2026-04-25,paid
PAY-0182,ORP04-Z-1615,มัดจำจองสิทธิ์,57950,,paid
PAY-0183,ORP04-Z-1616,มัดจำจองสิทธิ์,10000,,paid
PAY-0184,ORP04-Z-1621,มัดจำจองสิทธิ์,5000,,paid
PAY-0185,ORP04-Z-1623,ชำระเต็มจำนวน 100%,15210,,paid
PAY-0186,ORP04-Z-1623,ชำระเต็มจำนวน 100%,15210,2026-05-12,paid
PAY-0187,ORP04-Z-1703,ชำระเต็มจำนวน 100%,28000,2026-04-26,paid
PAY-0188,ORP04-Z-1804,ชำระเต็มจำนวน 100%,3000,2026-04-26,paid
PAY-0189,ORP04-Z-1809,มัดจำจองสิทธิ์,5000,,paid
PAY-0190,ORP04-Z-1902,มัดจำจองสิทธิ์,5000,,paid
PAY-0191,ORP04-Z-1902,ชำระเต็มจำนวน 100%,10000,2026-04-30,paid
PAY-0192,ORP04-Z-1906,มัดจำจองสิทธิ์,15000,,paid
PAY-0193,ORP04-Z-1908,ชำระเต็มจำนวน 100%,27690,2026-04-25,paid
PAY-0194,ORP04-Z-1909,ชำระเต็มจำนวน 100%,383710,2026-06-22,paid
PAY-0195,ORP04-Z-1911,ชำระเต็มจำนวน 100%,42490,2026-03-27,paid
PAY-0196,ORP04-Z-1922,มัดจำจองสิทธิ์,50000,,paid
PAY-0197,ORP04-Z-2008,มัดจำจองสิทธิ์,5000,,paid
PAY-0198,ORP04-Z-2018,มัดจำจองสิทธิ์,10000,,paid
PAY-0199,ORP04-Z-2103,มัดจำจองสิทธิ์,5000,,paid
PAY-0200,ORP04-Z-2207,ชำระเต็มจำนวน 100%,228000,2026-06-22,paid
PAY-0201,ORP04-Z-2208,มัดจำจองสิทธิ์,5000,,paid
PAY-0202,ORP04-Z-2224,ชำระเต็มจำนวน 100%,10000,2026-05-20,paid
PAY-0203,ORP04-Z-2324,มัดจำจองสิทธิ์,5000,,paid
PAY-0204,ORP04-Z-2412,ชำระเต็มจำนวน 100%,5000,2026-06-22,paid
PAY-0205,ORP04-Z-2513,ชำระเต็มจำนวน 100%,26000,2026-06-22,paid
PAY-0206,ORP04-Z-2707,มัดจำจองสิทธิ์,20000,,paid
PAY-0207,ORP04-Z-2708,ชำระเต็มจำนวน 100%,34000,,paid
PAY-0208,ORP04-Z-2708,ชำระเต็มจำนวน 100%,34000,2026-06-22,paid
PAY-0209,ORP04-Z-2803,ชำระ 50% แรก เริ่มงาน,77350,,paid
PAY-0210,ORP04-Z-2807,ชำระเต็มจำนวน 100%,34000,,paid
PAY-0211,ORP04-Z-701,มัดจำจองสิทธิ์,5000,,paid
PAY-0212,ORP04-Z-711,มัดจำจองสิทธิ์,5000,,paid
PAY-0213,ORP04-Z-712,มัดจำจองสิทธิ์,5000,,paid
PAY-0214,ORP04-Z-802,ชำระเต็มจำนวน 100%,19610,2026-05-21,paid
PAY-0215,ORP04-Z-804,มัดจำจองสิทธิ์,5000,,paid
PAY-0216,ORP04-Z-804,ชำระเต็มจำนวน 100%,108400,2026-03-24,paid
PAY-0217,ORP04-Z-809,ชำระเต็มจำนวน 100%,14910,2026-06-26,paid
PAY-0218,ORP04-Z-812,ชำระเต็มจำนวน 100%,11200,2026-04-26,paid
PAY-0219,ORP04-Z-812,ชำระเต็มจำนวน 100%,167620,2026-04-26,paid
PAY-0220,ORP04-Z-817,ชำระเต็มจำนวน 100%,93978,2026-03-27,paid
PAY-0221,ORP04-Z-820,ชำระเต็มจำนวน 100%,60520,2026-03-27,paid
PAY-0222,ORP04-Z-901,มัดจำจองสิทธิ์,5000,,paid
PAY-0223,ORP04-Z-905,ชำระเต็มจำนวน 100%,12000,2026-02-26,paid
PAY-0224,ORP04-Z-919,ชำระเต็มจำนวน 100%,16600,2026-04-24,paid
PAY-0225,ORP04-Z-922,มัดจำจองสิทธิ์,5000,,paid
PAY-0226,ORP03-Z-1001,ชำระเต็มจำนวน 100%,8000,2026-01-29,paid
PAY-0227,ORP03-Z-1001,ชำระเต็มจำนวน 100%,14800,2026-01-30,paid
PAY-0228,ORP03-Z-1003,ชำระเต็มจำนวน 100%,8000,2026-01-29,paid
PAY-0229,ORP03-Z-1011,ชำระเต็มจำนวน 100%,8000,2026-01-30,paid
PAY-0230,ORP03-Z-1018,ชำระเต็มจำนวน 100%,275550,2026-04-07,paid
PAY-0231,ORP03-Z-1112,ชำระเต็มจำนวน 100%,8000,2026-01-30,paid
PAY-0232,ORP03-Z-1121,มัดจำจองสิทธิ์,5000,,paid
PAY-0233,ORP03-Z-1204,มัดจำจองสิทธิ์,5000,,paid
PAY-0234,ORP03-Z-1207,ชำระเต็มจำนวน 100%,8000,2026-01-30,paid
PAY-0235,ORP03-Z-1210,ชำระเต็มจำนวน 100%,18500,2026-05-10,paid
PAY-0236,ORP03-Z-1215,มัดจำจองสิทธิ์,5000,,paid
PAY-0237,ORP03-Z-1216,ชำระเต็มจำนวน 100%,6500,,paid
PAY-0238,ORP03-Z-1221,ชำระเต็มจำนวน 100%,8000,2026-02-28,paid
PAY-0239,ORP03-Z-12A11,ชำระเต็มจำนวน 100%,2000,,paid
PAY-0240,ORP03-Z-12A21,ชำระเต็มจำนวน 100%,17500,2026-05-15,paid
PAY-0241,ORP03-Z-1317,ชำระเต็มจำนวน 100%,8000,2026-02-28,paid
PAY-0242,ORP03-Z-1401,ชำระเต็มจำนวน 100%,8000,2026-02-28,paid
PAY-0243,ORP03-Z-1404,ชำระเต็มจำนวน 100%,8000,2026-01-30,paid
PAY-0244,ORP03-Z-1405,ชำระเต็มจำนวน 100%,8000,2026-01-30,paid
PAY-0245,ORP03-Z-1408,ชำระ 50% แรก เริ่มงาน,42335,,paid
PAY-0246,ORP03-Z-1408,ชำระเต็มจำนวน 100%,74670,2026-03-23,paid
PAY-0247,ORP03-Z-1410,ชำระเต็มจำนวน 100%,16000,2026-02-28,paid
PAY-0248,ORP03-Z-1913,รับ PO / อนุมัติงาน,0,,paid
PAY-0249,ORP03-Z-1412,ชำระเต็มจำนวน 100%,8000,2026-01-30,paid
PAY-0250,ORP03-Z-1415,ชำระเต็มจำนวน 100%,8000,2026-01-29,paid
PAY-0251,ORP03-Z-1501,ชำระเต็มจำนวน 100%,5000,2026-06-08,paid
PAY-0252,ORP03-Z-1503,ชำระเต็มจำนวน 100%,77760,2026-02-24,paid
PAY-0253,ORP03-Z-1503,ชำระเต็มจำนวน 100%,8000,2026-02-28,paid
PAY-0254,ORP03-Z-1515,ชำระ 50% แรก เริ่มงาน,9600,,paid
PAY-0255,ORP03-Z-1515,ชำระเต็มจำนวน 100%,8000,2026-01-29,paid
PAY-0256,ORP03-Z-1606,ชำระเต็มจำนวน 100%,182500,,paid
PAY-0257,ORP03-Z-1608,ชำระเต็มจำนวน 100%,8000,2026-02-28,paid
PAY-0258,ORP03-Z-1611,ชำระเต็มจำนวน 100%,8000,2026-02-28,paid
PAY-0259,ORP03-Z-1613,ชำระเต็มจำนวน 100%,8000,2026-02-28,paid
PAY-0260,ORP03-Z-2307,รับ PO / อนุมัติงาน,0,,paid
PAY-0261,ORP03-Z-1615,ชำระเต็มจำนวน 100%,184120,2026-06-08,paid
PAY-0262,ORP03-Z-1619,ชำระเต็มจำนวน 100%,8000,2026-02-28,paid
PAY-0263,ORP03-Z-1621,ชำระเต็มจำนวน 100%,8000,2026-02-28,paid
PAY-0264,ORP03-Z-802,รับ PO / อนุมัติงาน,0,,paid
PAY-0265,ORP03-Z-810,รับ PO / อนุมัติงาน,0,,paid
PAY-0266,ORP03-Z-1701,ชำระเต็มจำนวน 100%,8000,2026-01-30,paid
PAY-0267,ORP03-Z-820,รับ PO / อนุมัติงาน,0,,paid
PAY-0268,ORP03-Z-1704,ชำระเต็มจำนวน 100%,8000,2026-02-28,paid
PAY-0269,ORP03-Z-1707,ชำระเต็มจำนวน 100%,8000,2026-02-28,paid
PAY-0270,ORP03-Z-1708,มัดจำจองสิทธิ์,5000,,paid
PAY-0271,ORP03-Z-1709,ชำระเต็มจำนวน 100%,5000,,paid
PAY-0272,ORP03-Z-1711,ชำระเต็มจำนวน 100%,8000,2026-01-30,paid
PAY-0273,ORP03-Z-907,รับ PO / อนุมัติงาน,0,,paid
PAY-0274,ORP03-Z-1712,ชำระเต็มจำนวน 100%,5000,2026-02-24,paid
PAY-0275,ORP03-Z-911,รับ PO / อนุมัติงาน,0,,paid
PAY-0276,ORP03-Z-918,รับ PO / อนุมัติงาน,0,,paid
PAY-0277,ORP03-Z-1712,ชำระเต็มจำนวน 100%,8000,2026-02-28,paid
PAY-0278,ORP03-Z-1713,ชำระเต็มจำนวน 100%,5000,,paid
PAY-0279,ORP03-Z-1718,ชำระเต็มจำนวน 100%,2000,,paid
PAY-0280,ORP03-Z-1720,ชำระเต็มจำนวน 100%,46770,2026-06-24,paid
PAY-0281,ORP03-Z-1721,ชำระเต็มจำนวน 100%,8000,2026-01-30,paid
PAY-0282,ORP03-Z-1806,ชำระเต็มจำนวน 100%,8000,2026-02-28,paid
PAY-0283,ORP03-Z-1018,รับ PO / อนุมัติงาน,0,,paid
PAY-0284,ORP03-Z-1102,รับ PO / อนุมัติงาน,0,,paid
PAY-0285,ORP03-Z-1103,รับ PO / อนุมัติงาน,0,,paid
PAY-0286,ORP03-Z-1106,รับ PO / อนุมัติงาน,0,,paid
PAY-0287,ORP03-Z-1813,ชำระเต็มจำนวน 100%,8000,2026-02-28,paid
PAY-0288,ORP03-Z-1121,รับ PO / อนุมัติงาน,0,,paid
PAY-0289,ORP03-Z-1901,ชำระ 50% แรก เริ่มงาน,67805,,paid
PAY-0290,ORP03-Z-1210,รับ PO / อนุมัติงาน,0,,paid
PAY-0291,ORP03-Z-1215,รับ PO / อนุมัติงาน,0,,paid
PAY-0292,ORP03-Z-1216,รับ PO / อนุมัติงาน,0,,paid
PAY-0293,ORP03-Z-1218,รับ PO / อนุมัติงาน,0,,paid
PAY-0294,ORP03-Z-1901,ชำระเต็มจำนวน 100%,125610,2026-05-19,paid
PAY-0295,ORP03-Z-1306,รับ PO / อนุมัติงาน,0,,paid
PAY-0296,ORP03-Z-1307,รับ PO / อนุมัติงาน,0,,paid
PAY-0297,ORP03-Z-1311,รับ PO / อนุมัติงาน,0,,paid
PAY-0298,ORP03-Z-1312,รับ PO / อนุมัติงาน,0,,paid
PAY-0299,ORP03-Z-1314,รับ PO / อนุมัติงาน,0,,paid
PAY-0300,ORP03-Z-1907,ชำระเต็มจำนวน 100%,8000,2026-01-29,paid
PAY-0301,ORP03-Z-1318,รับ PO / อนุมัติงาน,0,,paid
PAY-0302,ORP03-Z-1321,รับ PO / อนุมัติงาน,0,,paid
PAY-0303,ORP03-Z-1909,ชำระเต็มจำนวน 100%,23130,2026-02-06,paid
PAY-0304,ORP03-Z-1403,รับ PO / อนุมัติงาน,0,,paid
PAY-0305,ORP03-Z-1909,ชำระเต็มจำนวน 100%,8000,2026-01-29,paid
PAY-0306,ORP03-Z-1921,ชำระเต็มจำนวน 100%,8000,2026-02-28,paid
PAY-0307,ORP03-Z-1406,รับ PO / อนุมัติงาน,0,,paid
PAY-0308,ORP03-Z-1407,รับ PO / อนุมัติงาน,0,,paid
PAY-0309,ORP03-Z-1408,รับ PO / อนุมัติงาน,0,,paid
PAY-0310,ORP03-Z-2001,ชำระเต็มจำนวน 100%,15000,2026-03-22,paid
PAY-0311,ORP03-Z-1411,รับ PO / อนุมัติงาน,0,,paid
PAY-0312,ORP03-Z-2001,ชำระเต็มจำนวน 100%,8000,2026-01-30,paid
PAY-0313,ORP03-Z-2002,ชำระเต็มจำนวน 100%,8000,2026-01-30,paid
PAY-0314,ORP03-Z-1417,รับ PO / อนุมัติงาน,0,,paid
PAY-0315,ORP03-Z-1501,รับ PO / อนุมัติงาน,0,,paid
PAY-0316,ORP03-Z-2006,ชำระเต็มจำนวน 100%,17280,2026-04-25,paid
PAY-0317,ORP03-Z-2006,ชำระเต็มจำนวน 100%,8000,2026-02-28,paid
PAY-0318,ORP03-Z-1504,รับ PO / อนุมัติงาน,0,,paid
PAY-0319,ORP03-Z-1508,รับ PO / อนุมัติงาน,0,,paid
PAY-0320,ORP03-Z-1510,รับ PO / อนุมัติงาน,0,,paid
PAY-0321,ORP03-Z-1511,รับ PO / อนุมัติงาน,0,,paid
PAY-0322,ORP03-Z-1513,รับ PO / อนุมัติงาน,0,,paid
PAY-0323,ORP03-Z-1514,รับ PO / อนุมัติงาน,0,,paid
PAY-0324,ORP03-Z-2008,ชำระเต็มจำนวน 100%,8000,2026-02-28,paid
PAY-0325,ORP03-Z-1518,รับ PO / อนุมัติงาน,0,,paid
PAY-0326,ORP03-Z-1520,รับ PO / อนุมัติงาน,0,,paid
PAY-0327,ORP03-Z-1603,รับ PO / อนุมัติงาน,0,,paid
PAY-0328,ORP03-Z-1604,รับ PO / อนุมัติงาน,0,,paid
PAY-0329,ORP03-Z-1606,รับ PO / อนุมัติงาน,0,,paid
PAY-0330,ORP03-Z-2016,มัดจำจองสิทธิ์,5000,,paid
PAY-0331,ORP03-Z-2021,ชำระเต็มจำนวน 100%,8000,2026-02-28,paid
PAY-0332,ORP03-Z-2103,ชำระเต็มจำนวน 100%,8000,2026-02-28,paid
PAY-0333,ORP03-Z-1615,รับ PO / อนุมัติงาน,0,,paid
PAY-0334,ORP03-Z-1618,รับ PO / อนุมัติงาน,0,,paid
PAY-0335,ORP03-Z-2106,ชำระเต็มจำนวน 100%,8000,2026-02-28,paid
PAY-0336,ORP03-Z-2107,ชำระเต็มจำนวน 100%,5000,,paid
PAY-0337,ORP03-Z-2107,ชำระเต็มจำนวน 100%,8000,2026-02-28,paid
PAY-0338,ORP03-Z-2108,มัดจำจองสิทธิ์,5000,,paid
PAY-0339,ORP03-Z-1706,รับ PO / อนุมัติงาน,0,,paid
PAY-0340,ORP03-Z-2114,ชำระเต็มจำนวน 100%,8000,2026-04-21,paid
PAY-0341,ORP03-Z-1709,รับ PO / อนุมัติงาน,0,,paid
PAY-0342,ORP03-Z-2116,ชำระเต็มจำนวน 100%,3000,2026-05-26,paid
PAY-0343,ORP03-Z-2119,ชำระเต็มจำนวน 100%,147700,2026-04-08,paid
PAY-0344,ORP03-Z-2120,ชำระเต็มจำนวน 100%,8000,2026-02-28,paid
PAY-0345,ORP03-Z-1713,รับ PO / อนุมัติงาน,0,,paid
PAY-0346,ORP03-Z-1715,รับ PO / อนุมัติงาน,0,,paid
PAY-0347,ORP03-Z-1718,รับ PO / อนุมัติงาน,0,,paid
PAY-0348,ORP03-Z-1720,รับ PO / อนุมัติงาน,0,,paid
PAY-0349,ORP03-Z-2201,ชำระเต็มจำนวน 100%,8000,2026-01-29,paid
PAY-0350,ORP03-Z-2202,ชำระเต็มจำนวน 100%,11000,2026-05-26,paid
PAY-0351,ORP03-Z-1812,รับ PO / อนุมัติงาน,0,,paid
PAY-0352,ORP03-Z-2202,ชำระเต็มจำนวน 100%,8000,2026-02-28,paid
PAY-0353,ORP03-Z-1816,รับ PO / อนุมัติงาน,0,,paid
PAY-0354,ORP03-Z-1901,รับ PO / อนุมัติงาน,0,,paid
PAY-0355,ORP03-Z-1906,รับ PO / อนุมัติงาน,0,,paid
PAY-0356,ORP03-Z-2204,ชำระเต็มจำนวน 100%,8000,2026-02-28,paid
PAY-0357,ORP03-Z-2207,ชำระเต็มจำนวน 100%,8000,2026-02-28,paid
PAY-0358,ORP03-Z-2212,ชำระเต็มจำนวน 100%,10000,2026-06-26,paid
PAY-0359,ORP03-Z-1910,รับ PO / อนุมัติงาน,0,,paid
PAY-0360,ORP03-Z-1916,รับ PO / อนุมัติงาน,0,,paid
PAY-0361,ORP03-Z-1919,รับ PO / อนุมัติงาน,0,,paid
PAY-0362,ORP03-Z-1920,รับ PO / อนุมัติงาน,0,,paid
PAY-0363,ORP03-Z-2214,ชำระเต็มจำนวน 100%,8000,2026-02-28,paid
PAY-0364,ORP03-Z-2215,มัดจำจองสิทธิ์,5000,,paid
PAY-0365,ORP03-Z-2220,ชำระเต็มจำนวน 100%,13000,2026-05-27,paid
PAY-0366,ORP03-Z-2220,ชำระเต็มจำนวน 100%,8000,2026-02-28,paid
PAY-0367,ORP03-Z-2305,ชำระเต็มจำนวน 100%,8000,2026-01-30,paid
PAY-0368,ORP03-Z-2007,รับ PO / อนุมัติงาน,0,,paid
PAY-0369,ORP03-Z-2306,ชำระเต็มจำนวน 100%,8000,2026-02-28,paid
PAY-0370,ORP03-Z-2011,รับ PO / อนุมัติงาน,0,,paid
PAY-0371,ORP03-Z-2012,รับ PO / อนุมัติงาน,0,,paid
PAY-0372,ORP03-Z-2015,รับ PO / อนุมัติงาน,0,,paid
PAY-0373,ORP03-Z-2017,รับ PO / อนุมัติงาน,0,,paid
PAY-0374,ORP03-Z-2307,ชำระเต็มจำนวน 100%,8000,2026-02-28,paid
PAY-0375,ORP03-Z-2308,ชำระเต็มจำนวน 100%,207000,2026-06-11,paid
PAY-0376,ORP03-Z-2104,รับ PO / อนุมัติงาน,0,,paid
PAY-0377,ORP03-Z-2319,ชำระเต็มจำนวน 100%,8000,2026-02-28,paid
PAY-0378,ORP03-Z-802,ชำระเต็มจำนวน 100%,5000,,paid
PAY-0379,ORP03-Z-2111,รับ PO / อนุมัติงาน,0,,paid
PAY-0380,ORP03-Z-2113,รับ PO / อนุมัติงาน,0,,paid
PAY-0381,ORP03-Z-2116,รับ PO / อนุมัติงาน,0,,paid
PAY-0382,ORP03-Z-2119,รับ PO / อนุมัติงาน,0,,paid
PAY-0383,ORP03-Z-803,ชำระเต็มจำนวน 100%,166230,2026-05-27,paid
PAY-0384,ORP03-Z-2121,รับ PO / อนุมัติงาน,0,,paid
PAY-0385,ORP03-Z-2201,รับ PO / อนุมัติงาน,0,,paid
PAY-0386,ORP03-Z-811,ชำระเต็มจำนวน 100%,8000,2026-01-30,paid
PAY-0387,ORP03-Z-902,ชำระเต็มจำนวน 100%,99000,2026-03-05,paid
PAY-0388,ORP03-Z-905,ชำระเต็มจำนวน 100%,8000,2026-01-29,paid
PAY-0389,ORP03-Z-2205,รับ PO / อนุมัติงาน,0,,paid
PAY-0390,ORP03-Z-905,ชำระเต็มจำนวน 100%,14800,2026-01-29,paid
PAY-0391,ORP03-Z-2209,รับ PO / อนุมัติงาน,0,,paid
PAY-0392,ORP03-Z-2210,รับ PO / อนุมัติงาน,0,,paid
PAY-0393,ORP03-Z-2212,รับ PO / อนุมัติงาน,0,,paid
PAY-0394,ORP03-Z-2213,รับ PO / อนุมัติงาน,0,,paid
PAY-0395,ORP03-Z-906,ชำระเต็มจำนวน 100%,8000,2026-01-29,paid
PAY-0396,ORP03-Z-2216,รับ PO / อนุมัติงาน,0,,paid
PAY-0397,ORP03-Z-2217,รับ PO / อนุมัติงาน,0,,paid
PAY-0398,ORP03-Z-906,ชำระเต็มจำนวน 100%,14800,2026-01-29,paid
PAY-0399,ORP03-Z-2301,รับ PO / อนุมัติงาน,0,,paid
PAY-0400,ORP03-Z-2304,รับ PO / อนุมัติงาน,0,,paid
PAY-0401,ORP03-Z-907,ชำระเต็มจำนวน 100%,14800,2026-01-30,paid
PAY-0402,ORP03-Z-911,ชำระเต็มจำนวน 100%,99900,2026-04-01,paid
PAY-0403,ORP03-Z-919,ชำระเต็มจำนวน 100%,8000,2026-01-30,paid
PAY-0404,ORP03-Z-2308,รับ PO / อนุมัติงาน,0,,paid
PAY-0405,ORP03-Z-2310,รับ PO / อนุมัติงาน,0,,paid
PAY-0406,ORP03-Z-2313,รับ PO / อนุมัติงาน,0,,paid
PAY-0407,ORP03-Z-921,ชำระเต็มจำนวน 100%,8000,2026-01-30,paid
PAY-0408,ORP03-Z-2321,รับ PO / อนุมัติงาน,0,,paid
PAY-0409,ORP03-Z-2521,รับ PO / อนุมัติงาน,0,,paid
PAY-0410,ORP03-Z-2703,รับ PO / อนุมัติงาน,0,,paid
PAY-0411,ORP03-Z-2709,รับ PO / อนุมัติงาน,0,,paid
PAY-0412,OPP05-Z-12A18,มัดจำจองสิทธิ์,5000,,paid
PAY-0413,OPP05-Z-1339,ชำระเต็มจำนวน 100%,31918,2026-04-01,paid
PAY-0414,OPP05-Z-1339,รับ PO / อนุมัติงาน,0,,paid
PAY-0415,OPP05-Z-1412,ชำระเต็มจำนวน 100%,40000,2026-03-05,paid
PAY-0416,OPP05-Z-1628,รับ PO / อนุมัติงาน,0,,paid
PAY-0417,OPP05-Z-1628,รับ PO / อนุมัติงาน,0,,paid
PAY-0418,OPP05-Z-1628,รับ PO / อนุมัติงาน,0,,paid
PAY-0419,OPP05-Z-1629,รับ PO / อนุมัติงาน,0,,paid
PAY-0420,OPP05-Z-1629,รับ PO / อนุมัติงาน,0,,paid
PAY-0421,OPP05-Z-1629,รับ PO / อนุมัติงาน,0,,paid
PAY-0422,OPP05-Z-1632,รับ PO / อนุมัติงาน,0,,paid
PAY-0423,OPP05-Z-1537,ชำระเต็มจำนวน 100%,20000,2026-01-19,paid
PAY-0424,OPP05-Z-1601,ชำระเต็มจำนวน 100%,31918,2026-04-01,paid
PAY-0425,OPP05-Z-1634,รับ PO / อนุมัติงาน,0,,paid
PAY-0426,OPP05-Z-1601,ชำระเต็มจำนวน 100%,140000,2026-03-25,paid
PAY-0427,OPP05-Z-1818,รับ PO / อนุมัติงาน,0,,paid
PAY-0428,OPP05-Z-1818,รับ PO / อนุมัติงาน,0,,paid
PAY-0429,OPP05-Z-1818,รับ PO / อนุมัติงาน,0,,paid
PAY-0430,OPP05-Z-1833,รับ PO / อนุมัติงาน,0,,paid
PAY-0431,OPP05-Z-1833,รับ PO / อนุมัติงาน,0,,paid
PAY-0432,OPP05-Z-1833,รับ PO / อนุมัติงาน,0,,paid
PAY-0433,OPP05-Z-2222,รับ PO / อนุมัติงาน,0,,paid
PAY-0434,OPP05-Z-2222,รับ PO / อนุมัติงาน,0,,paid
PAY-0435,OPP05-Z-2222,รับ PO / อนุมัติงาน,0,,paid
PAY-0436,OPP05-Z-1632,ชำระเต็มจำนวน 100%,140000,2026-03-31,paid
PAY-0437,OPP05-Z-12A27,รับ PO / อนุมัติงาน,0,,paid
PAY-0438,OPP05-Z-1633,ชำระเต็มจำนวน 100%,140000,2026-01-29,paid
PAY-0439,OPP05-Z-1634,ชำระเต็มจำนวน 100%,31918,2026-04-01,paid
PAY-0440,OPP05-Z-1737,ชำระ 50% แรก เริ่มงาน,145000,,paid
PAY-0441,OPP05-Z-1739,ชำระเต็มจำนวน 100%,20000,2026-01-19,paid
PAY-0442,OPP05-Z-1743,ชำระเต็มจำนวน 100%,140000,2026-01-29,paid
PAY-0443,OPP05-Z-2230,ชำระเต็มจำนวน 100%,100000,2026-03-17,paid
PAY-0444,OPP05-Z-621,ชำระเต็มจำนวน 100%,73200,2026-02-17,paid
PAY-0445,OPP02-Z-925,ชำระเต็มจำนวน 100%,101000,2026-01-27,paid
PAY-0446,OPP02-Z-925,ชำระเต็มจำนวน 100%,65300,2026-01-27,paid
PAY-0447,OPP02-Z-930,ชำระเต็มจำนวน 100%,100000,2026-01-29,paid
PAY-0448,OPP02-Z-1005,ชำระเต็มจำนวน 100%,5000,2026-05-26,paid
PAY-0449,OPP02-Z-12A07,ชำระเต็มจำนวน 100%,2000,,paid
PAY-0450,OPP02-Z-12A07,ชำระเต็มจำนวน 100%,1944,2026-05-26,paid
PAY-0451,OPP02-Z-1419,มัดจำจองสิทธิ์,30000,,paid
PAY-0452,OPP02-Z-1617,มัดจำจองสิทธิ์,2000,,paid
PAY-0453,OPP02-Z-1639,ชำระเต็มจำนวน 100%,2000,2026-05-26,paid
PAY-0454,OPP02-Z-2017,มัดจำจองสิทธิ์,2000,,paid
PAY-0455,OPP02-Z-2024,มัดจำจองสิทธิ์,2000,,paid
PAY-0456,OPP02-Z-2025,ชำระเต็มจำนวน 100%,2000,,paid
PAY-0457,OPP02-Z-2025,ชำระเต็มจำนวน 100%,2000,2026-05-27,paid
PAY-0458,OPP02-Z-2034,ชำระเต็มจำนวน 100%,35000,2026-05-20,paid
PAY-0459,OPP02-Z-2040,มัดจำจองสิทธิ์,2000,,paid
PAY-0460,OPP02-Z-2139,มัดจำจองสิทธิ์,10000,,paid
PAY-0461,OPP02-Z-2226,ชำระเต็มจำนวน 100%,2000,2026-05-26,paid
PAY-0462,OPP02-Z-2316,มัดจำจองสิทธิ์,2000,,paid
PAY-0463,OPP02-Z-2329,ชำระเต็มจำนวน 100%,2000,2026-05-26,paid
PAY-0464,OPP02-Z-2427,ชำระเต็มจำนวน 100%,593561,2026-02-25,paid
PAY-0465,OPP02-Z-2730,มัดจำจองสิทธิ์,2000,,paid
PAY-0466,OPP02-Z-2939,ชำระเต็มจำนวน 100%,10000,2026-05-27,paid
PAY-0467,OPP02-Z-3014,มัดจำจองสิทธิ์,10000,,paid
PAY-0468,TOR06-A-1801,ชำระเต็มจำนวน 100%,840000,2026-04-04,paid
PAY-0469,TOR06-A-1801,ชำระเต็มจำนวน 100%,8438,2026-04-04,paid
PAY-0470,TOR06-E-801,ชำระเต็มจำนวน 100%,40000,2026-06-30,paid
PAY-0471,OPP03-B-905,ชำระเต็มจำนวน 100%,152915,2026-02-26,paid
PAY-0472,OPP03-B-1009,มัดจำจองสิทธิ์,10000,,paid
PAY-0473,OPP03-A-1205,มัดจำจองสิทธิ์,5000,,paid
PAY-0474,OPP03-C-1209,มัดจำจองสิทธิ์,5000,,paid
PAY-0475,OPP03-C-1413,มัดจำจองสิทธิ์,5000,,paid
PAY-0476,OPP03-A-1415,ชำระเต็มจำนวน 100%,189300,2026-04-26,paid
PAY-0477,OPP03-B-1505,มัดจำจองสิทธิ์,5000,,paid
PAY-0478,OPP03-B-1512,ชำระเต็มจำนวน 100%,20160,2026-03-17,paid
PAY-0479,OPP03-C-1607,มัดจำจองสิทธิ์,20000,,paid
PAY-0480,OPP03-B-1710,มัดจำจองสิทธิ์,5000,,paid
PAY-0481,OPP03-A-1814,ชำระเต็มจำนวน 100%,189800,2026-03-27,paid
PAY-0482,OPP03-B-2305,ชำระเต็มจำนวน 100%,147702,2026-03-18,paid
PAY-0483,OPP03-A-2401,ชำระเต็มจำนวน 100%,229705,2026-01-31,paid
PAY-0484,OPP04-Z-1404,รับ PO / อนุมัติงาน,0,,paid
PAY-0485,OPP04-Z-1415,รับ PO / อนุมัติงาน,0,,paid
PAY-0486,OPP04-Z-1615,มัดจำจองสิทธิ์,22100,,paid
PAY-0487,OPP04-Z-2218,ชำระเต็มจำนวน 100%,390000,2026-01-28,paid
PAY-0488,OPP04-Z-2219,ชำระเต็มจำนวน 100%,345000,2026-01-28,paid
PAY-0489,PRK01-Z-21 Rm,ชำระเต็มจำนวน 100%,153400,,paid
PAY-0490,PRK01-Z-21 Rm,ชำระเต็มจำนวน 100%,153400,2026-06-05,paid
PAY-0491,PRK01-B-2304,ชำระเต็มจำนวน 100%,92642,2026-02-18,paid
PAY-0492,PRK01-B-2305,ชำระเต็มจำนวน 100%,27071,2026-02-18,paid
PAY-0493,Z0075-B-Int,ชำระเต็มจำนวน 100%,2474721,2026-03-27,paid
PAY-0494,Z0075-D-Int,ชำระเต็มจำนวน 100%,3938812,2026-03-27,paid
PAY-0495,Z0075-B-LF,ชำระเต็มจำนวน 100%,1274748,2026-03-29,paid
PAY-0496,Z0075-D-LF,ชำระเต็มจำนวน 100%,1209400,2026-03-28,paid
PAY-0497,Z0075-B-Sink,ชำระเต็มจำนวน 100%,8239,2026-03-27,paid
PAY-0498,Z0075-D-Sink,ชำระเต็มจำนวน 100%,8239,2026-03-27,paid
PAY-0499,Z0075-B-VO,ชำระเต็มจำนวน 100%,47686,2026-03-27,paid
PAY-0500,Z0075-D-VO,ชำระเต็มจำนวน 100%,104606,2026-03-27,paid
PAY-0501,PRK06-Z-2505,ชำระเต็มจำนวน 100%,120000,,paid
PAY-0502,PRK06-Z-2505,ชำระเต็มจำนวน 100%,120000,2026-05-27,paid
PAY-0503,PRK06-Z-2604,ชำระ 50% แรก เริ่มงาน,190000,,paid
PAY-0504,PRK06-Z-3007,มัดจำจองสิทธิ์,20000,,paid
PAY-0505,PRK06-Z-4105,รับ PO / อนุมัติงาน,0,,paid
PAY-0506,PRK06-Z-4105,ชำระเต็มจำนวน 100%,7000,,paid
PAY-0507,PRK06-Z-4413,ชำระเต็มจำนวน 100%,1177500,2026-02-28,paid
PAY-0508,PRK06-Z-4413,ชำระเต็มจำนวน 100%,51180,2026-02-28,paid
PAY-0509,PRK03-Z-616,ชำระเต็มจำนวน 100%,73153,2026-05-19,paid
PAY-0510,PRK03-Z-728,ชำระเต็มจำนวน 100%,103000,,paid
PAY-0511,PRK03-Z-924,ชำระเต็มจำนวน 100%,155500,2026-06-26,paid
PAY-0512,PRK05-Z-1906,รับ PO / อนุมัติงาน,0,,paid
PAY-0513,PRK05-Z-2102,รับ PO / อนุมัติงาน,0,,paid
PAY-0514,PRK05-Z-2113,รับ PO / อนุมัติงาน,0,,paid
PAY-0515,PRK05-Z-2310,ชำระเต็มจำนวน 100%,285396,,paid
PAY-0516,PRK05-Z-2510,ชำระเต็มจำนวน 100%,38673,,paid
PAY-0517,PRK05-Z-2510,ชำระเต็มจำนวน 100%,58850,2026-05-30,paid
PAY-0518,PRK05-Z-2510,ชำระเต็มจำนวน 100%,38673,2026-05-30,paid
PAY-0519,PRK05-Z-2510,ชำระเต็มจำนวน 100%,117700,2026-05-30,paid
PAY-0520,PRK05-Z-2510,รับ PO / อนุมัติงาน,0,,paid
PAY-0521,PRK05-Z-3102,ชำระ 50% แรก เริ่มงาน,11000,,paid
PAY-0522,PRK05-Z-3103,ชำระ 50% แรก เริ่มงาน,23500,,paid
PAY-0523,PRK05-Z-3305,มัดจำจองสิทธิ์,20000,,paid
PAY-0524,PRK05-Z-3506,ชำระเต็มจำนวน 100%,4500,2026-01-05,paid
PAY-0525,PRK05-Z-3601,ชำระ 50% แรก เริ่มงาน,410000,,paid
PAY-0526,PRK05-Z-3601,ชำระเต็มจำนวน 100%,160000,,paid
PAY-0527,PRK05-Z-4110,รับ PO / อนุมัติงาน,0,,paid
PAY-0528,PRK05-Z-3706,ชำระเต็มจำนวน 100%,220000,2026-01-08,paid
PAY-0529,PRK05-Z-3811,ชำระเต็มจำนวน 100%,420000,2026-05-12,paid
PAY-0530,PRK04-B-2110,ชำระ 50% แรก เริ่มงาน,136478,,paid
PAY-0531,PRK04-C-2509,ชำระเต็มจำนวน 100%,259000,2026-01-28,paid
PAY-0532,PRK04-B-2511,ชำระเต็มจำนวน 100%,249600,2026-03-27,paid
PAY-0533,PRK04-B-2511,ชำระเต็มจำนวน 100%,27000,2026-03-27,paid
PAY-0534,PRK04-B-3613,ชำระเต็มจำนวน 100%,150000,2026-03-25,paid
PAY-0535,PRK04-C-3903,ชำระเต็มจำนวน 100%,1254700,2026-02-26,paid
PAY-0536,PRK04-B-3910,ชำระ 50% แรก เริ่มงาน,113811,,paid
PAY-0537,PRK04-C-4208,ชำระเต็มจำนวน 100%,172000,2026-05-20,paid
PAY-0538,PRK04-C-4408,ชำระเต็มจำนวน 100%,119128,2026-03-27,paid
PAY-0539,Z0084-Z-642,มัดจำจองสิทธิ์,20000,,paid
PAY-0540,CX1185-C-703,มัดจำจองสิทธิ์,10000,,paid
PAY-0541,SOR01-Z-1202,มัดจำจองสิทธิ์,10000,,paid
PAY-0542,SOR01-Z-1603,มัดจำจองสิทธิ์,5000,,paid
PAY-0543,SOR01-Z-1604,ชำระเต็มจำนวน 100%,115000,2026-03-23,paid
PAY-0544,SOR01-Z-1618,มัดจำจองสิทธิ์,2000,,paid
PAY-0545,SOR01-Z-1702,ชำระเต็มจำนวน 100%,5000,,paid
PAY-0546,SOR01-Z-1818,ชำระเต็มจำนวน 100%,2000,2026-03-31,paid
PAY-0547,SOR01-Z-2014,ชำระ 50% แรก เริ่มงาน,22000,,paid
PAY-0548,SOR01-Z-2208,มัดจำจองสิทธิ์,2000,,paid
PAY-0549,SOR01-Z-2208,ชำระ 50% แรก เริ่มงาน,28000,,paid
PAY-0550,SOR01-Z-2219,ชำระเต็มจำนวน 100%,22969,2026-06-26,paid
PAY-0551,SOR01-Z-807,ชำระเต็มจำนวน 100%,267650,2026-04-26,paid
PAY-0552,SOR02-Z-1433,มัดจำจองสิทธิ์,5000,,paid
PAY-0553,SOR02-Z-1446,ชำระเต็มจำนวน 100%,436317,2026-03-12,paid
PAY-0554,SOR02-Z-614,ชำระเต็มจำนวน 100%,35360,2026-05-08,paid
PAY-0555,SOR03-Z-1002,มัดจำจองสิทธิ์,10000,,paid
PAY-0556,SOR03-Z-1004,มัดจำจองสิทธิ์,5000,,paid
PAY-0557,SOR03-Z-1017,มัดจำจองสิทธิ์,5000,,paid
PAY-0558,SOR03-Z-1108,มัดจำจองสิทธิ์,10000,,paid
PAY-0559,SOR03-Z-1111,มัดจำจองสิทธิ์,5000,,paid
PAY-0560,SOR03-Z-1206,มัดจำจองสิทธิ์,5000,,paid
PAY-0561,SOR03-Z-1207,มัดจำจองสิทธิ์,5000,,paid
PAY-0562,SOR03-Z-1211,มัดจำจองสิทธิ์,10000,,paid
PAY-0563,SOR03-Z-12A10,มัดจำจองสิทธิ์,5000,,paid
PAY-0564,SOR03-Z-1401,มัดจำจองสิทธิ์,5000,,paid
PAY-0565,SOR03-Z-1503,มัดจำจองสิทธิ์,5000,,paid
PAY-0566,SOR03-Z-1504,มัดจำจองสิทธิ์,5000,,paid
PAY-0567,SOR03-Z-1509,มัดจำจองสิทธิ์,5000,,paid
PAY-0568,SOR03-Z-1707,มัดจำจองสิทธิ์,5000,,paid
PAY-0569,SOR03-Z-1808,มัดจำจองสิทธิ์,5000,,paid
PAY-0570,SOR03-Z-1814,มัดจำจองสิทธิ์,10000,,paid
PAY-0571,SOR03-Z-1908,มัดจำจองสิทธิ์,5000,,paid
PAY-0572,SOR03-Z-419,มัดจำจองสิทธิ์,5000,,paid
PAY-0573,SOR03-Z-606,มัดจำจองสิทธิ์,5000,,paid
PAY-0574,SOR03-Z-612,มัดจำจองสิทธิ์,5000,,paid
PAY-0575,SOR03-Z-705,มัดจำจองสิทธิ์,10000,,paid
PAY-0576,SOR03-Z-707,มัดจำจองสิทธิ์,5000,,paid
PAY-0577,SOR03-Z-707,มัดจำจองสิทธิ์,5000,,paid
PAY-0578,SOR03-Z-714,มัดจำจองสิทธิ์,5000,,paid
PAY-0579,SOR03-Z-716,มัดจำจองสิทธิ์,5000,,paid
PAY-0580,SOR03-Z-817,มัดจำจองสิทธิ์,5000,,paid
PAY-0581,SOR03-Z-901,มัดจำจองสิทธิ์,5000,,paid
PAY-0582,SOR03-Z-906,มัดจำจองสิทธิ์,5000,,paid
PAY-0583,SOR03-Z-911,มัดจำจองสิทธิ์,10000,,paid
PAY-0584,Z0086-Z-XXX,ชำระ 50% แรก เริ่มงาน,5000,,paid
PAY-0585,TOR10-A-204,ชำระเต็มจำนวน 100%,10000,2026-05-26,paid
PAY-0586,TOR10-A-228,มัดจำจองสิทธิ์,5000,,paid
PAY-0587,TOR10-A-228,รับ PO / อนุมัติงาน,0,,paid
PAY-0588,TOR10-A-233,ชำระเต็มจำนวน 100%,65810,2026-06-26,paid
PAY-0589,TOR10-A-308,ชำระ 50% แรก เริ่มงาน,40000,,paid
PAY-0590,TOR10-A-309,ชำระเต็มจำนวน 100%,25000,2026-05-21,paid
PAY-0591,TOR10-C-310,มัดจำจองสิทธิ์,7750,,paid
PAY-0592,TOR10-A-333,ชำระเต็มจำนวน 100%,12504,,paid
PAY-0593,TOR10-A-502,ชำระ 50% แรก เริ่มงาน,19250,,paid
PAY-0594,TOR10-A-510,ชำระ 50% แรก เริ่มงาน,79950,,paid
PAY-0595,TOR10-A-513,มัดจำจองสิทธิ์,4250,,paid
PAY-0596,TOR10-A-523,มัดจำจองสิทธิ์,5000,,paid
PAY-0597,TOR10-A-526,มัดจำจองสิทธิ์,7500,,paid
PAY-0598,TOR10-A-603,ชำระเต็มจำนวน 100%,5355,,paid
PAY-0599,TOR10-A-603,ชำระเต็มจำนวน 100%,5355,2026-06-26,paid
PAY-0600,TOR10-A-605,ชำระ 50% แรก เริ่มงาน,65000,,paid
PAY-0601,TOR10-A-607,มัดจำจองสิทธิ์,7500,,paid
PAY-0602,TOR10-D-611,ชำระเต็มจำนวน 100%,7100,2026-06-26,paid
PAY-0603,TOR10-D-611,ชำระเต็มจำนวน 100%,69390,2026-06-26,paid
PAY-0604,TOR10-D-617,ชำระเต็มจำนวน 100%,25600,2026-05-25,paid
PAY-0605,TOR10-A-620,มัดจำจองสิทธิ์,4975,,paid
PAY-0606,TOR10-D-620,ชำระเต็มจำนวน 100%,15000,2026-05-25,paid
PAY-0607,TOR10-F-623,มัดจำจองสิทธิ์,5000,,paid
PAY-0608,TOR10-D-628,ชำระเต็มจำนวน 100%,12900,,paid
PAY-0609,TOR10-D-628,ชำระเต็มจำนวน 100%,12900,2026-04-27,paid
PAY-0610,TOR10-A-631,มัดจำจองสิทธิ์,4975,,paid
PAY-0611,TOR10-A-705,ชำระเต็มจำนวน 100%,72200,2026-04-07,paid
PAY-0612,TOR10-A-707,มัดจำจองสิทธิ์,49750,,paid
PAY-0613,TOR10-D-714,มัดจำจองสิทธิ์,5000,,paid
PAY-0614,TOR10-D-803,มัดจำจองสิทธิ์,5000,,paid
PAY-0615,TOR10-C-815,มัดจำจองสิทธิ์,1310,,paid
PAY-0616,TOR10-A-818,ชำระเต็มจำนวน 100%,5000,2026-05-25,paid
PAY-0617,TOR10-C-823,มัดจำจองสิทธิ์,4975,,paid
PAY-0618,TOR10-A-828,ชำระ 50% แรก เริ่มงาน,21500,,paid
PAY-0619,TOR14-B-321,มัดจำจองสิทธิ์,5000,,paid
PAY-0620,TOR14-B-408,มัดจำจองสิทธิ์,5000,,paid
PAY-0621,TOR14-B-412,มัดจำจองสิทธิ์,5000,,paid
PAY-0622,TOR14-B-534,ชำระเต็มจำนวน 100%,99600,2026-06-16,paid
PAY-0623,TOR14-A-716,มัดจำจองสิทธิ์,5000,,paid
PAY-0624,TOR08-Z-222,รับ PO / อนุมัติงาน,0,,paid
PAY-0625,TOR08-Z-537,รับ PO / อนุมัติงาน,0,,paid
PAY-0626,TOR08-Z-1839,รับ PO / อนุมัติงาน,0,,paid
PAY-0627,TOR08-Z-2030,รับ PO / อนุมัติงาน,0,,paid
PAY-0628,TOR19-B-129,มัดจำจองสิทธิ์,5000,,paid
PAY-0629,TOR19-C-130,ชำระ 50% แรก เริ่มงาน,16500,,paid
PAY-0630,TOR19-B-130,มัดจำจองสิทธิ์,50000,,paid
PAY-0631,TOR19-C-131,มัดจำจองสิทธิ์,10000,,paid
PAY-0632,TOR19-B-131,ชำระ 50% แรก เริ่มงาน,58900,,paid
PAY-0633,TOR19-B-132,มัดจำจองสิทธิ์,5000,,paid
PAY-0634,TOR19-B-202,มัดจำจองสิทธิ์,10000,,paid
PAY-0635,TOR19-B-203,มัดจำจองสิทธิ์,10000,,paid
PAY-0636,TOR19-C-205,ชำระ 50% แรก เริ่มงาน,38920,,paid
PAY-0637,TOR19-C-206,ชำระ 50% แรก เริ่มงาน,128920,,paid
PAY-0638,TOR19-C-208,ชำระ 50% แรก เริ่มงาน,7855,,paid
PAY-0639,TOR19-B-212,มัดจำจองสิทธิ์,10000,,paid
PAY-0640,TOR19-B-217,ชำระ 50% แรก เริ่มงาน,60000,,paid
PAY-0641,TOR19-B-219,ชำระเต็มจำนวน 100%,55200,2026-06-24,paid
PAY-0642,TOR19-A-223,ชำระเต็มจำนวน 100%,27000,2026-04-01,paid
PAY-0643,TOR19-C-231,มัดจำจองสิทธิ์,10000,,paid
PAY-0644,TOR19-C-304,ชำระเต็มจำนวน 100%,45955,,paid
PAY-0645,TOR19-B-305,ชำระเต็มจำนวน 100%,135100,2026-06-19,paid
PAY-0646,TOR19-A-307,มัดจำจองสิทธิ์,10000,,paid
PAY-0647,TOR19-C-308,มัดจำจองสิทธิ์,10000,,paid
PAY-0648,TOR19-B-310,ชำระ 50% แรก เริ่มงาน,17340,,paid
PAY-0649,TOR19-C-310,มัดจำจองสิทธิ์,5000,,paid
PAY-0650,TOR19-B-313,ชำระเต็มจำนวน 100%,3500,2026-06-22,paid
PAY-0651,TOR19-B-314,ชำระเต็มจำนวน 100%,32190,,paid
PAY-0652,TOR19-B-314,ชำระเต็มจำนวน 100%,32190,2026-06-24,paid
PAY-0653,TOR19-B-315,ชำระเต็มจำนวน 100%,3500,2026-06-19,paid
PAY-0654,TOR19-B-322,มัดจำจองสิทธิ์,5000,,paid
PAY-0655,TOR19-A-325,ชำระเต็มจำนวน 100%,42210,2026-05-05,paid
PAY-0656,TOR19-B-331,ชำระ 50% แรก เริ่มงาน,117000,,paid
PAY-0657,TOR19-B-333,ชำระเต็มจำนวน 100%,55890,2026-06-22,paid
PAY-0658,TOR19-B-401,ชำระ 50% แรก เริ่มงาน,110000,,paid
PAY-0659,TOR19-B-404,มัดจำจองสิทธิ์,5000,,paid
PAY-0660,TOR19-B-405,ชำระเต็มจำนวน 100%,26700,2026-06-19,paid
PAY-0661,TOR19-C-414,ชำระ 50% แรก เริ่มงาน,135400,,paid
PAY-0662,TOR19-B-417,ชำระ 50% แรก เริ่มงาน,12820,,paid
PAY-0663,TOR19-B-418,มัดจำจองสิทธิ์,10000,,paid
PAY-0664,TOR19-A-419,มัดจำจองสิทธิ์,32610,,paid
PAY-0665,TOR19-A-419,มัดจำจองสิทธิ์,10000,,paid
PAY-0666,TOR19-B-422,ชำระ 50% แรก เริ่มงาน,75000,,paid
PAY-0667,TOR19-C-422,ชำระ 50% แรก เริ่มงาน,86570,,paid
PAY-0668,TOR19-B-423,ชำระ 50% แรก เริ่มงาน,96000,,paid
PAY-0669,TOR19-C-428,มัดจำจองสิทธิ์,5000,,paid
PAY-0670,TOR19-B-431,ชำระ 50% แรก เริ่มงาน,30545,,paid
PAY-0671,TOR19-C-431,ชำระ 50% แรก เริ่มงาน,55995,,paid
PAY-0672,TOR19-B-432,มัดจำจองสิทธิ์,10000,,paid
PAY-0673,TOR19-B-501,มัดจำจองสิทธิ์,5000,,paid
PAY-0674,TOR19-C-501,ชำระเต็มจำนวน 100%,26548,,paid
PAY-0675,TOR19-C-501,ชำระเต็มจำนวน 100%,21450,,paid
PAY-0676,TOR19-B-512,ชำระ 50% แรก เริ่มงาน,51601,,paid
PAY-0677,TOR19-A-514,ชำระเต็มจำนวน 100%,55890,2026-06-16,paid
PAY-0678,TOR19-B-516,มัดจำจองสิทธิ์,5000,,paid
PAY-0679,TOR19-A-516,ชำระเต็มจำนวน 100%,55890,2026-06-19,paid
PAY-0680,TOR19-A-517,ชำระเต็มจำนวน 100%,127113,2026-06-16,paid
PAY-0681,TOR19-A-524,มัดจำจองสิทธิ์,5000,,paid
PAY-0682,TOR19-C-531,มัดจำจองสิทธิ์,29605,,paid
PAY-0683,TOR19-B-601,มัดจำจองสิทธิ์,10000,,paid
PAY-0684,TOR19-A-603,ชำระ 50% แรก เริ่มงาน,76252,,paid
PAY-0685,TOR19-B-603,มัดจำจองสิทธิ์,5000,,paid
PAY-0686,TOR19-C-604,ชำระ 50% แรก เริ่มงาน,50090,,paid
PAY-0687,TOR19-B-604,มัดจำจองสิทธิ์,5000,,paid
PAY-0688,TOR19-C-605,ชำระเต็มจำนวน 100%,56040,2026-06-18,paid
PAY-0689,TOR19-C-606,ชำระ 50% แรก เริ่มงาน,69340,,paid
PAY-0690,TOR19-A-607,มัดจำจองสิทธิ์,10000,,paid
PAY-0691,TOR19-C-608,ชำระเต็มจำนวน 100%,55890,2026-06-11,paid
PAY-0692,TOR19-B-611,มัดจำจองสิทธิ์,5000,,paid
PAY-0693,TOR19-B-613,ชำระ 50% แรก เริ่มงาน,45000,,paid
PAY-0694,TOR19-B-617,ชำระ 50% แรก เริ่มงาน,12820,,paid
PAY-0695,TOR19-B-619,มัดจำจองสิทธิ์,5000,,paid
PAY-0696,TOR19-B-622,มัดจำจองสิทธิ์,1900,,paid
PAY-0697,TOR19-C-622,ชำระ 50% แรก เริ่มงาน,83629,,paid
PAY-0698,TOR19-B-623,ชำระเต็มจำนวน 100%,20400,2026-06-10,paid
PAY-0699,TOR19-B-625,มัดจำจองสิทธิ์,5000,,paid
PAY-0700,TOR19-C-626,มัดจำจองสิทธิ์,5000,,paid
PAY-0701,TOR19-C-628,ชำระเต็มจำนวน 100%,138904,2026-06-16,paid
PAY-0702,TOR19-B-630,มัดจำจองสิทธิ์,5000,,paid
PAY-0703,TOR19-C-631,มัดจำจองสิทธิ์,68000,,paid
PAY-0704,TOR19-C-631,ชำระเต็มจำนวน 100%,150000,2026-05-21,paid
PAY-0705,TOR19-C-702,มัดจำจองสิทธิ์,27900,,paid
PAY-0706,TOR19-B-702,มัดจำจองสิทธิ์,5000,,paid
PAY-0707,TOR19-B-703,ชำระเต็มจำนวน 100%,42900,2026-06-29,paid
PAY-0708,TOR19-B-704,ชำระเต็มจำนวน 100%,42900,2026-06-29,paid
PAY-0709,TOR19-C-705,ชำระ 50% แรก เริ่มงาน,16000,,paid
PAY-0710,TOR19-B-705,ชำระเต็มจำนวน 100%,42900,2026-06-29,paid
PAY-0711,TOR19-B-706,ชำระเต็มจำนวน 100%,42900,2026-06-29,paid
PAY-0712,TOR19-B-707,ชำระเต็มจำนวน 100%,21450,,paid
PAY-0713,TOR19-B-707,ชำระเต็มจำนวน 100%,42900,2026-06-29,paid
PAY-0714,TOR19-C-711,ชำระ 50% แรก เริ่มงาน,245750,,paid
PAY-0715,TOR19-A-712,มัดจำจองสิทธิ์,5000,,paid
PAY-0716,TOR19-B-721,มัดจำจองสิทธิ์,5000,,paid
PAY-0717,TOR19-B-722,มัดจำจองสิทธิ์,5000,,paid
PAY-0718,TOR19-A-723,มัดจำจองสิทธิ์,10000,,paid
PAY-0719,TOR19-B-724,มัดจำจองสิทธิ์,5000,,paid
PAY-0720,TOR19-A-724,ชำระเต็มจำนวน 100%,81402,2026-05-26,paid
PAY-0721,TOR19-B-725,มัดจำจองสิทธิ์,5000,,paid
PAY-0722,TOR19-C-726,ชำระเต็มจำนวน 100%,42900,2026-06-24,paid
PAY-0723,TOR19-C-728,ชำระ 50% แรก เริ่มงาน,40390,,paid
PAY-0724,TOR19-B-730,มัดจำจองสิทธิ์,10000,,paid
PAY-0725,TOR19-B-801,มัดจำจองสิทธิ์,10000,,paid
PAY-0726,TOR19-C-806,มัดจำจองสิทธิ์,1960,,paid
PAY-0727,TOR19-B-806,ชำระเต็มจำนวน 100%,23200,2026-06-10,paid
PAY-0728,TOR19-B-808,มัดจำจองสิทธิ์,5000,,paid
PAY-0729,TOR19-C-810,ชำระเต็มจำนวน 100%,3500,,paid
PAY-0730,TOR19-A-812,ชำระ 50% แรก เริ่มงาน,34795,,paid
PAY-0731,TOR19-A-816,ชำระเต็มจำนวน 100%,54000,,paid
PAY-0732,TOR19-C-817,ชำระ 50% แรก เริ่มงาน,59395,,paid
PAY-0733,TOR19-B-820,ชำระ 50% แรก เริ่มงาน,33000,,paid
PAY-0734,TOR19-C-820,ชำระ 50% แรก เริ่มงาน,76900,,paid
PAY-0735,TOR19-C-822,ชำระ 50% แรก เริ่มงาน,61724,,paid
PAY-0736,TOR19-C-828,มัดจำจองสิทธิ์,5000,,paid
PAY-0737,TOR19-B-831,มัดจำจองสิทธิ์,5000,,paid
PAY-0738,TOR19-B-611,ชำระเต็มจำนวน 100%,5000,2026-03-05,paid
PAY-0739,TOR12-B-205,ชำระเต็มจำนวน 100%,134900,2026-03-23,paid
PAY-0740,TOR12-A-211,ชำระเต็มจำนวน 100%,36000,2026-01-27,paid
PAY-0741,TOR12-A-222,ชำระเต็มจำนวน 100%,23040,2026-01-29,paid
PAY-0742,TOR12-B-301,ชำระเต็มจำนวน 100%,152100,2026-02-19,paid
PAY-0743,TOR12-A-303,ชำระเต็มจำนวน 100%,63500,2026-02-18,paid
PAY-0744,TOR12-B-308,ชำระเต็มจำนวน 100%,53910,2026-02-27,paid
PAY-0745,TOR12-B-309,ชำระเต็มจำนวน 100%,15000,2026-02-18,paid
PAY-0746,TOR12-A-311,ชำระ 50% แรก เริ่มงาน,48580,,paid
PAY-0747,TOR12-B-327,ชำระเต็มจำนวน 100%,32300,2026-02-20,paid
PAY-0748,TOR12-B-328,ชำระเต็มจำนวน 100%,12100,2026-04-11,paid
PAY-0749,TOR12-A-331,ชำระเต็มจำนวน 100%,30000,2026-01-28,paid
PAY-0750,TOR12-B-401,ชำระเต็มจำนวน 100%,16700,2026-06-30,paid
PAY-0751,TOR12-B-403,มัดจำจองสิทธิ์,5000,,paid
PAY-0752,TOR12-B-404,ชำระเต็มจำนวน 100%,16730,2026-01-08,paid
PAY-0753,TOR12-B-405,ชำระเต็มจำนวน 100%,16730,2026-01-08,paid
PAY-0754,TOR12-B-410,ชำระเต็มจำนวน 100%,82251,2026-01-08,paid
PAY-0755,TOR12-A-501,ชำระเต็มจำนวน 100%,10000,2026-05-31,paid
PAY-0756,TOR12-A-501,ชำระเต็มจำนวน 100%,179400,2026-02-21,paid
PAY-0757,TOR12-B-502,ชำระเต็มจำนวน 100%,22000,2026-01-03,paid
PAY-0758,TOR12-B-502,ชำระเต็มจำนวน 100%,23800,2026-01-03,paid
PAY-0759,TOR12-A-504,ชำระเต็มจำนวน 100%,15100,2026-02-18,paid
PAY-0760,TOR12-A-504,ชำระเต็มจำนวน 100%,5400,2026-03-29,paid
PAY-0761,TOR12-A-504,ชำระเต็มจำนวน 100%,9700,2026-04-29,paid
PAY-0762,TOR12-A-505,ชำระเต็มจำนวน 100%,15100,2026-06-23,paid
PAY-0763,TOR12-B-511,ชำระเต็มจำนวน 100%,13200,2026-05-11,paid
PAY-0764,TOR12-A-608,รับ PO / อนุมัติงาน,0,,paid
PAY-0765,TOR12-B-524,ชำระเต็มจำนวน 100%,12000,2026-02-18,paid
PAY-0766,TOR12-B-529,ชำระเต็มจำนวน 100%,26500,2026-03-02,paid
PAY-0767,TOR12-B-609,ชำระเต็มจำนวน 100%,74056,2026-03-30,paid
PAY-0768,TOR12-B-623,ชำระเต็มจำนวน 100%,5400,2026-01-28,paid
PAY-0769,TOR12-B-625,ชำระเต็มจำนวน 100%,43125,2026-01-23,paid
PAY-0770,TOR12-B-630,ชำระเต็มจำนวน 100%,14600,2026-02-20,paid
PAY-0771,TOR12-A-728,ชำระเต็มจำนวน 100%,18900,2026-02-15,paid
PAY-0772,TOR12-A-828,ชำระเต็มจำนวน 100%,12100,2026-06-26,paid
PAY-0773,TOR12-B-833,ชำระ 50% แรก เริ่มงาน,8015,,paid
PAY-0774,TOR12-B-833,ชำระเต็มจำนวน 100%,36030,2026-03-25,paid
PAY-0775,TOR01-Z-1003,ชำระ 50% แรก เริ่มงาน,72500,,paid
PAY-0776,TOR03-H-517,ชำระเต็มจำนวน 100%,10000,2026-06-18,paid
PAY-0777,TOR03-H-517,ชำระเต็มจำนวน 100%,150000,2026-06-18,paid
PAY-0778,TOR09-Z-1202,ชำระเต็มจำนวน 100%,28700,2026-02-04,paid
PAY-0779,TOR09-Z-1203,รับ PO / อนุมัติงาน,0,,paid
PAY-0780,TOR09-Z-1203,ชำระเต็มจำนวน 100%,88100,2026-04-20,paid
PAY-0781,TOR09-Z-1206,รับ PO / อนุมัติงาน,0,,paid
PAY-0782,TOR09-Z-1305,รับ PO / อนุมัติงาน,0,,paid
PAY-0783,TOR09-Z-1206,ชำระเต็มจำนวน 100%,50000,2026-05-26,paid
PAY-0784,TOR09-Z-2418,รับ PO / อนุมัติงาน,0,,paid
PAY-0785,TOR09-Z-1211,ชำระเต็มจำนวน 100%,8000,2026-02-25,paid
PAY-0786,TOR09-Z-1218,ชำระเต็มจำนวน 100%,8000,2026-02-25,paid
PAY-0787,TOR09-Z-12A03,ชำระเต็มจำนวน 100%,50000,,paid
PAY-0788,TOR09-Z-1517,รับ PO / อนุมัติงาน,0,,paid
PAY-0789,TOR09-Z-1522,รับ PO / อนุมัติงาน,0,,paid
PAY-0790,TOR09-Z-12A05,ชำระเต็มจำนวน 100%,11130,2026-05-05,paid
PAY-0791,TOR09-Z-12A05,ชำระเต็มจำนวน 100%,37000,2026-05-05,paid
PAY-0792,TOR09-Z-12A06,ชำระเต็มจำนวน 100%,240000,2026-04-27,paid
PAY-0793,TOR09-Z-12A07,มัดจำจองสิทธิ์,5000,,paid
PAY-0794,TOR09-Z-12A04,ชำระเต็มจำนวน 100%,50000,2026-02-05,paid
PAY-0795,TOR09-Z-1802,รับ PO / อนุมัติงาน,0,,paid
PAY-0796,TOR09-Z-1304,ชำระเต็มจำนวน 100%,8000,2026-02-25,paid
PAY-0797,TOR09-Z-1402,ชำระเต็มจำนวน 100%,60000,2026-03-12,paid
PAY-0798,TOR09-Z-1404,ชำระเต็มจำนวน 100%,100000,2026-04-27,paid
PAY-0799,TOR09-Z-1410,ชำระเต็มจำนวน 100%,50000,2026-04-05,paid
PAY-0800,TOR09-Z-1411,ชำระเต็มจำนวน 100%,50000,2026-04-01,paid
PAY-0801,TOR09-Z-1923,รับ PO / อนุมัติงาน,0,,paid
PAY-0802,TOR09-Z-2011,รับ PO / อนุมัติงาน,0,,paid
PAY-0803,TOR09-Z-1412,ชำระเต็มจำนวน 100%,50000,2026-04-01,paid
PAY-0804,TOR09-Z-1418,ชำระเต็มจำนวน 100%,8000,2026-02-25,paid
PAY-0805,TOR09-Z-1506,ชำระเต็มจำนวน 100%,16800,2026-02-23,paid
PAY-0806,TOR09-Z-2103,รับ PO / อนุมัติงาน,0,,paid
PAY-0807,TOR09-Z-1506,ชำระเต็มจำนวน 100%,8000,2026-02-25,paid
PAY-0808,TOR09-Z-1509,มัดจำจองสิทธิ์,5000,,paid
PAY-0809,TOR09-Z-1515,ชำระเต็มจำนวน 100%,81880,2026-02-22,paid
PAY-0810,TOR09-Z-2121,รับ PO / อนุมัติงาน,0,,paid
PAY-0811,TOR09-Z-2127,รับ PO / อนุมัติงาน,0,,paid
PAY-0812,TOR09-Z-2127,รับ PO / อนุมัติงาน,0,,paid
PAY-0813,TOR09-Z-1515,ชำระเต็มจำนวน 100%,39000,2026-02-22,paid
PAY-0814,TOR09-Z-1515,ชำระเต็มจำนวน 100%,3000,2026-02-22,paid
PAY-0815,TOR09-Z-1517,ชำระเต็มจำนวน 100%,50000,2026-03-12,paid
PAY-0816,TOR09-Z-1522,ชำระเต็มจำนวน 100%,33600,2026-03-12,paid
PAY-0817,TOR09-Z-1526,ชำระเต็มจำนวน 100%,38100,2026-04-29,paid
PAY-0818,TOR09-Z-2315,รับ PO / อนุมัติงาน,0,,paid
PAY-0819,TOR09-Z-1603,ชำระเต็มจำนวน 100%,50000,2026-02-19,paid
PAY-0820,TOR09-Z-1603,ชำระเต็มจำนวน 100%,8000,2026-02-25,paid
PAY-0821,TOR09-Z-1616,ชำระ 50% แรก เริ่มงาน,62500,,paid
PAY-0822,TOR09-Z-1617,ชำระเต็มจำนวน 100%,50000,2026-04-28,paid
PAY-0823,TOR09-Z-1621,ชำระ 50% แรก เริ่มงาน,43000,,paid
PAY-0824,TOR09-Z-1704,ชำระเต็มจำนวน 100%,53000,2026-02-10,paid
PAY-0825,TOR09-Z-1704,ชำระเต็มจำนวน 100%,8000,2026-02-25,paid
PAY-0826,TOR09-Z-2509,รับ PO / อนุมัติงาน,0,,paid
PAY-0827,TOR09-Z-1705,ชำระเต็มจำนวน 100%,53000,2026-02-10,paid
PAY-0828,TOR09-Z-2511,รับ PO / อนุมัติงาน,0,,paid
PAY-0829,TOR09-Z-1705,ชำระเต็มจำนวน 100%,8000,2026-02-25,paid
PAY-0830,TOR09-Z-1710,มัดจำจองสิทธิ์,10000,,paid
PAY-0831,TOR09-Z-1803,ชำระเต็มจำนวน 100%,60000,2026-03-01,paid
PAY-0832,TOR09-Z-2611,รับ PO / อนุมัติงาน,0,,paid
PAY-0833,TOR09-Z-1803,ชำระเต็มจำนวน 100%,8000,2026-02-25,paid
PAY-0834,TOR09-Z-2616,รับ PO / อนุมัติงาน,0,,paid
PAY-0835,TOR09-Z-1809,ชำระ 50% แรก เริ่มงาน,25000,,paid
PAY-0836,TOR09-Z-1903,ชำระเต็มจำนวน 100%,50000,2026-05-28,paid
PAY-0837,TOR09-Z-2714,รับ PO / อนุมัติงาน,0,,paid
PAY-0838,TOR09-Z-1904,ชำระ 50% แรก เริ่มงาน,25000,,paid
PAY-0839,TOR09-Z-1909,ชำระเต็มจำนวน 100%,50000,2026-02-06,paid
PAY-0840,TOR09-Z-2801,รับ PO / อนุมัติงาน,0,,paid
PAY-0841,TOR09-Z-1909,ชำระเต็มจำนวน 100%,8000,2026-02-25,paid
PAY-0842,TOR09-Z-1910,ชำระเต็มจำนวน 100%,50000,2026-02-06,paid
PAY-0843,TOR09-Z-2816,รับ PO / อนุมัติงาน,0,,paid
PAY-0844,TOR09-Z-1910,ชำระเต็มจำนวน 100%,8000,2026-02-25,paid
PAY-0845,TOR09-Z-1911,ชำระเต็มจำนวน 100%,50000,2026-02-06,paid
PAY-0846,TOR09-Z-1911,ชำระเต็มจำนวน 100%,8000,2026-02-25,paid
PAY-0847,TOR09-Z-1912,ชำระเต็มจำนวน 100%,50000,2026-02-06,paid
PAY-0848,TOR09-Z-1912,ชำระเต็มจำนวน 100%,8000,2026-02-25,paid
PAY-0849,TOR09-Z-1918,ชำระเต็มจำนวน 100%,53000,2026-03-10,paid
PAY-0850,TOR09-Z-1920,ชำระ 50% แรก เริ่มงาน,25000,,paid
PAY-0851,TOR09-Z-2917,รับ PO / อนุมัติงาน,0,,paid
PAY-0852,TOR09-Z-1922,ชำระเต็มจำนวน 100%,50000,,paid
PAY-0853,TOR09-Z-2918,รับ PO / อนุมัติงาน,0,,paid
PAY-0854,TOR09-Z-3005,รับ PO / อนุมัติงาน,0,,paid
PAY-0855,TOR09-Z-2009,ชำระเต็มจำนวน 100%,53000,2026-03-17,paid
PAY-0856,TOR09-Z-2021,ชำระเต็มจำนวน 100%,69450,2026-05-26,paid
PAY-0857,TOR09-Z-2022,ชำระเต็มจำนวน 100%,135000,2026-03-05,paid
PAY-0858,TOR09-Z-3010,รับ PO / อนุมัติงาน,0,,paid
PAY-0859,TOR09-Z-2026,ชำระ 50% แรก เริ่มงาน,11500,,paid
PAY-0860,TOR09-Z-2103,ชำระเต็มจำนวน 100%,104100,2026-04-07,paid
PAY-0861,TOR09-Z-2106,มัดจำจองสิทธิ์,10000,,paid
PAY-0862,TOR09-Z-2110,ชำระเต็มจำนวน 100%,11130,2026-04-21,paid
PAY-0863,TOR09-Z-2113,ชำระเต็มจำนวน 100%,40000,2026-02-19,paid
PAY-0864,TOR09-Z-3208,รับ PO / อนุมัติงาน,0,,paid
PAY-0865,TOR09-Z-3209,รับ PO / อนุมัติงาน,0,,paid
PAY-0866,TOR09-Z-2113,ชำระเต็มจำนวน 100%,8000,2026-02-25,paid
PAY-0867,TOR09-Z-2115,มัดจำจองสิทธิ์,5000,,paid
PAY-0868,TOR09-Z-1111,รับ PO / อนุมัติงาน,0,,paid
PAY-0869,TOR09-Z-1122,รับ PO / อนุมัติงาน,0,,paid
PAY-0870,TOR09-Z-2118,ชำระเต็มจำนวน 100%,85220,2026-03-09,paid
PAY-0871,TOR09-Z-2121,ชำระเต็มจำนวน 100%,50000,2026-03-12,paid
PAY-0872,TOR09-Z-2201,ชำระเต็มจำนวน 100%,50000,2026-03-12,paid
PAY-0873,TOR09-Z-2206,ชำระเต็มจำนวน 100%,38100,2026-04-29,paid
PAY-0874,TOR09-Z-2210,ชำระเต็มจำนวน 100%,79900,2026-02-10,paid
PAY-0875,TOR09-Z-1310,รับ PO / อนุมัติงาน,0,,paid
PAY-0876,TOR09-Z-2211,ชำระเต็มจำนวน 100%,93000,2026-06-01,paid
PAY-0877,TOR09-Z-1404,รับ PO / อนุมัติงาน,0,,paid
PAY-0878,TOR09-Z-1416,รับ PO / อนุมัติงาน,0,,paid
PAY-0879,TOR09-Z-2221,ชำระเต็มจำนวน 100%,46500,2026-02-05,paid
PAY-0880,TOR09-Z-2223,ชำระเต็มจำนวน 100%,8000,2026-02-25,paid
PAY-0881,TOR09-Z-2303,ชำระเต็มจำนวน 100%,11000,2026-01-27,paid
PAY-0882,TOR09-Z-1509,รับ PO / อนุมัติงาน,0,,paid
PAY-0883,TOR09-Z-1515,รับ PO / อนุมัติงาน,0,,paid
PAY-0884,TOR09-Z-2314,ชำระ 50% แรก เริ่มงาน,50000,,paid
PAY-0885,TOR09-Z-2315,ชำระเต็มจำนวน 100%,10500,2026-05-06,paid
PAY-0886,TOR09-Z-2315,ชำระเต็มจำนวน 100%,50000,2026-05-06,paid
PAY-0887,TOR09-Z-2326,ชำระเต็มจำนวน 100%,8000,2026-02-25,paid
PAY-0888,TOR09-Z-2327,ชำระเต็มจำนวน 100%,8000,2026-02-25,paid
PAY-0889,TOR09-Z-2401,มัดจำจองสิทธิ์,46995,,paid
PAY-0890,TOR09-Z-2401,มัดจำจองสิทธิ์,5000,,paid
PAY-0891,TOR09-Z-1616,รับ PO / อนุมัติงาน,0,,paid
PAY-0892,TOR09-Z-2401,ชำระ 50% แรก เริ่มงาน,46995,,paid
PAY-0893,TOR09-Z-2414,ชำระ 50% แรก เริ่มงาน,25000,,paid
PAY-0894,TOR09-Z-2506,ชำระเต็มจำนวน 100%,53000,2026-04-28,paid
PAY-0895,TOR09-Z-2507,ชำระเต็มจำนวน 100%,8000,2026-02-25,paid
PAY-0896,TOR09-Z-1802,รับ PO / อนุมัติงาน,0,,paid
PAY-0897,TOR09-Z-2509,มัดจำจองสิทธิ์,5000,,paid
PAY-0898,TOR09-Z-2511,ชำระเต็มจำนวน 100%,10000,2026-05-26,paid
PAY-0899,TOR09-Z-2514,มัดจำจองสิทธิ์,10000,,paid
PAY-0900,TOR09-Z-2610,ชำระเต็มจำนวน 100%,46000,2026-05-06,paid
PAY-0901,TOR09-Z-2611,ชำระเต็มจำนวน 100%,59560,2026-03-26,paid
PAY-0902,TOR09-Z-2614,ชำระเต็มจำนวน 100%,59000,2026-05-06,paid
PAY-0903,TOR09-Z-2617,ชำระเต็มจำนวน 100%,9560,2026-01-20,paid
PAY-0904,TOR09-Z-2706,มัดจำจองสิทธิ์,5000,,paid
PAY-0905,TOR09-Z-2714,มัดจำจองสิทธิ์,5000,,paid
PAY-0906,TOR09-Z-2716,มัดจำจองสิทธิ์,5000,,paid
PAY-0907,TOR09-Z-2718,มัดจำจองสิทธิ์,5000,,paid
PAY-0908,TOR09-Z-2805,มัดจำจองสิทธิ์,5000,,paid
PAY-0909,TOR09-Z-2018,รับ PO / อนุมัติงาน,0,,paid
PAY-0910,TOR09-Z-2021,รับ PO / อนุมัติงาน,0,,paid
PAY-0911,TOR09-Z-2815,ชำระเต็มจำนวน 100%,8000,2026-02-25,paid
PAY-0912,TOR09-Z-2111,รับ PO / อนุมัติงาน,0,,paid
PAY-0913,TOR09-Z-2816,ชำระเต็มจำนวน 100%,53000,2026-04-01,paid
PAY-0914,TOR09-Z-2817,ชำระเต็มจำนวน 100%,24000,2026-06-24,paid
PAY-0915,TOR09-Z-2903,มัดจำจองสิทธิ์,5000,,paid
PAY-0916,TOR09-Z-2905,มัดจำจองสิทธิ์,5000,,paid
PAY-0917,TOR09-Z-2126,รับ PO / อนุมัติงาน,0,,paid
PAY-0918,TOR09-Z-2127,รับ PO / อนุมัติงาน,0,,paid
PAY-0919,TOR09-Z-2910,มัดจำจองสิทธิ์,5000,,paid
PAY-0920,TOR09-Z-2911,มัดจำจองสิทธิ์,5000,,paid
PAY-0921,TOR09-Z-2916,ชำระเต็มจำนวน 100%,125000,2026-06-02,paid
PAY-0922,TOR09-Z-2917,ชำระเต็มจำนวน 100%,37000,2026-04-28,paid
PAY-0923,TOR09-Z-2227,รับ PO / อนุมัติงาน,0,,paid
PAY-0924,TOR09-Z-2918,ชำระเต็มจำนวน 100%,26200,2026-04-28,paid
PAY-0925,TOR09-Z-2314,รับ PO / อนุมัติงาน,0,,paid
PAY-0926,TOR09-Z-3009,ชำระเต็มจำนวน 100%,72640,2026-05-25,paid
PAY-0927,TOR09-Z-3009,ชำระเต็มจำนวน 100%,6000,2026-05-25,paid
PAY-0928,TOR09-Z-2401,รับ PO / อนุมัติงาน,0,,paid
PAY-0929,TOR09-Z-2418,รับ PO / อนุมัติงาน,0,,paid
PAY-0930,TOR09-Z-3010,มัดจำจองสิทธิ์,6000,,paid
PAY-0931,TOR09-Z-2514,รับ PO / อนุมัติงาน,0,,paid
PAY-0932,TOR09-Z-2604,รับ PO / อนุมัติงาน,0,,paid
PAY-0933,TOR09-Z-2607,รับ PO / อนุมัติงาน,0,,paid
PAY-0934,TOR09-Z-2612,รับ PO / อนุมัติงาน,0,,paid
PAY-0935,TOR09-Z-2614,รับ PO / อนุมัติงาน,0,,paid
PAY-0936,TOR09-Z-3101,มัดจำจองสิทธิ์,5000,,paid
PAY-0937,TOR09-Z-3103,มัดจำจองสิทธิ์,5000,,paid
PAY-0938,TOR09-Z-3104,ชำระเต็มจำนวน 100%,86400,2026-06-04,paid
PAY-0939,TOR09-Z-3105,มัดจำจองสิทธิ์,10000,,paid
PAY-0940,TOR09-Z-3111,ชำระเต็มจำนวน 100%,8000,2026-02-25,paid
PAY-0941,TOR09-Z-3409,รับ PO / อนุมัติงาน,0,,paid
PAY-0942,TOR09-Z-3112,ชำระเต็มจำนวน 100%,70000,2026-02-06,paid
PAY-0943,TOR09-Z-3206,ชำระเต็มจำนวน 100%,38100,2026-04-29,paid
PAY-0944,TOR09-Z-3301,ชำระเต็มจำนวน 100%,8000,2026-02-25,paid
PAY-0945,TOR09-Z-3316,ชำระ 50% แรก เริ่มงาน,26500,,paid
PAY-0946,TOR09-Z-3513,มัดจำจองสิทธิ์,5000,,paid
PAY-0947,TOR09-Z-3515,ชำระเต็มจำนวน 100%,8000,2026-02-23,paid
PAY-0948,TOR09-Z-12A06,รับ PO / อนุมัติงาน,0,,paid
PAY-0949,TOR09-Z-3515,ชำระเต็มจำนวน 100%,8000,2026-02-25,paid
PAY-0950,TOR09-Z-12A10,รับ PO / อนุมัติงาน,0,,paid
