id,customer_id,project_id,room,handover_date,warranty_start,warranty_end,warranty_months,status,notes
WAR-001,Z0064-Z-Lukgaw,Z0064,Z-Lukgaw,2026-05-05,2026-05-05,2026-11-01,6,active,บริการของ wyde
WAR-002,Z0064-Z-Pattaya,Z0064,Z-Pattaya,2026-05-18,2026-05-18,2026-11-14,6,active,บริการของ wyde
WAR-003,Z0076-Z-Z-478,Z0076,Z-Z-478,2026-02-26,2026-02-26,2026-08-25,6,active,บริการของ wyde
WAR-004,BGV01-Z-98/33,BGV01,Z-98/33,2026-06-11,2026-06-11,2026-12-08,6,active,บริการของ wyde
WAR-005,Z0083-Z-Design,Z0083,Z-Design,2026-05-21,2026-05-21,2026-11-17,6,active,บริการของ wyde
WAR-006,ORP01-Z-227,ORP01,Z-227,2026-05-27,2026-05-27,2026-11-23,6,active,บริการของ wyde
WAR-007,ORP01-Z-812,ORP01,Z-812,2026-04-06,2026-04-06,2026-10-03,6,active,บริการของ wyde
WAR-008,Z0078-Z-MUR,Z0078,Z-MUR,2025-09-29,2025-09-29,2026-03-28,6,active,บริการของ wyde
WAR-009,Z0074-Z-Built,Z0074,Z-Built,2025-12-09,2025-12-09,2026-06-07,6,active,บริการของ wyde
WAR-010,Z0074-Z-WPP,Z0074,Z-WPP,2025-09-26,2025-09-26,2026-03-25,6,active,บริการของ wyde
WAR-011,BTN35-Z-222/41,BTN35,Z-222/41,2026-06-30,2026-06-30,2026-12-27,6,active,บริการของ wyde
WAR-012,KNB06-Z-3124,KNB06,Z-3124,2026-04-28,2026-04-28,2026-10-25,6,active,บริการของ wyde
WAR-013,KNB16-Z-1401,KNB16,Z-1401,2026-03-27,2026-03-27,2026-09-23,6,active,บริการของ wyde
WAR-014,KNB16-Z-1811,KNB16,Z-1811,2026-02-26,2026-02-26,2026-08-25,6,active,บริการของ wyde
WAR-015,KNB16-Z-1904,KNB16,Z-1904,2026-02-26,2026-02-26,2026-08-25,6,active,บริการของ wyde
WAR-016,KNB16-Z-1908,KNB16,Z-1908,2026-01-28,2026-01-28,2026-07-27,6,active,บริการของ wyde
WAR-017,KNB16-Z-1914,KNB16,Z-1914,2026-03-27,2026-03-27,2026-09-23,6,active,บริการของ wyde
WAR-018,KNB16-Z-2008,KNB16,Z-2008,2026-06-22,2026-06-22,2026-12-19,6,active,บริการของ wyde
WAR-019,KNB16-Z-2016,KNB16,Z-2016,2026-01-28,2026-01-28,2026-07-27,6,active,บริการของ wyde
WAR-020,KNB16-Z-2106,KNB16,Z-2106,2026-05-20,2026-05-20,2026-11-16,6,active,บริการของ wyde
WAR-021,KNB16-Z-2612,KNB16,Z-2612,2026-02-26,2026-02-26,2026-08-25,6,active,บริการของ wyde
WAR-022,KNB16-Z-2612,KNB16,Z-2612,2026-02-26,2026-02-26,2026-08-25,6,active,บริการของ wyde
WAR-023,KNB16-Z-2613,KNB16,Z-2613,2026-03-27,2026-03-27,2026-09-23,6,active,บริการของ wyde
WAR-024,KNB16-Z-2615,KNB16,Z-2615,2026-02-26,2026-02-26,2026-08-25,6,active,บริการของ wyde
WAR-025,KNB16-Z-2616,KNB16,Z-2616,2026-03-27,2026-03-27,2026-09-23,6,active,บริการของ wyde
WAR-026,KNB16-Z-2703,KNB16,Z-2703,2026-01-28,2026-01-28,2026-07-27,6,active,บริการของ wyde
WAR-027,KNB16-Z-2714,KNB16,Z-2714,2026-03-27,2026-03-27,2026-09-23,6,active,บริการของ wyde
WAR-028,KNB16-Z-2718,KNB16,Z-2718,2026-01-28,2026-01-28,2026-07-27,6,active,บริการของ wyde
WAR-029,KNB16-Z-3201,KNB16,Z-3201,2026-03-27,2026-03-27,2026-09-23,6,active,บริการของ wyde
WAR-030,KNB16-Z-3202,KNB16,Z-3202,2026-03-27,2026-03-27,2026-09-23,6,active,บริการของ wyde
WAR-031,Z0073-Z-1BM,Z0073,Z-1BM,2025-09-25,2025-09-25,2026-03-24,6,active,บริการของ wyde
WAR-032,Z0073-Z-1BM,Z0073,Z-1BM,2025-09-25,2025-09-25,2026-03-24,6,active,บริการของ wyde
WAR-033,Z0073-Z-1PB,Z0073,Z-1PB,2025-09-25,2025-09-25,2026-03-24,6,active,บริการของ wyde
WAR-034,Z0073-Z-MUR,Z0073,Z-MUR,2026-09-25,2026-09-25,2027-03-24,6,active,บริการของ wyde
WAR-035,Z0073-Z-Prop,Z0073,Z-Prop,2026-06-05,2026-06-05,2026-12-02,6,active,บริการของ wyde
WAR-036,Z0073-Z-S1,Z0073,Z-S1,2025-09-25,2025-09-25,2026-03-24,6,active,บริการของ wyde
WAR-037,Z0070-Z-AC,Z0070,Z-AC,2026-02-05,2026-02-05,2026-08-04,6,active,บริการของ wyde
WAR-038,Z0070-Z-Door,Z0070,Z-Door,2026-05-25,2026-05-25,2026-11-21,6,active,บริการของ wyde
WAR-039,Z0070-Z-Int,Z0070,Z-Int,2026-02-05,2026-02-05,2026-08-04,6,active,บริการของ wyde
WAR-040,Z0070-Z-LF,Z0070,Z-LF,2026-02-05,2026-02-05,2026-08-04,6,active,บริการของ wyde
WAR-041,Z0070-Z-Studio,Z0070,Z-Studio,2026-02-05,2026-02-05,2026-08-04,6,active,บริการของ wyde
WAR-042,OPL01-Z-1138,OPL01,Z-1138,2026-03-27,2026-03-27,2026-09-23,6,active,บริการของ wyde
WAR-043,OPL01-Z-1204,OPL01,Z-1204,2026-04-07,2026-04-07,2026-10-04,6,active,บริการของ wyde
WAR-044,OPL01-Z-510,OPL01,Z-510,2026-03-27,2026-03-27,2026-09-23,6,active,บริการของ wyde
WAR-045,OPL01-Z-535,OPL01,Z-535,2026-03-27,2026-03-27,2026-09-23,6,active,บริการของ wyde
WAR-046,OPL01-Z-540,OPL01,Z-540,2026-01-31,2026-01-31,2026-07-30,6,active,บริการของ wyde
WAR-047,OPL01-Z-621,OPL01,Z-621,2026-03-27,2026-03-27,2026-09-23,6,active,บริการของ wyde
WAR-048,OPL01-Z-640,OPL01,Z-640,2026-04-26,2026-04-26,2026-10-23,6,active,บริการของ wyde
WAR-049,OPL01-Z-646,OPL01,Z-646,2026-01-28,2026-01-28,2026-07-27,6,active,บริการของ wyde
WAR-050,OPL01-Z-704,OPL01,Z-704,2026-02-26,2026-02-26,2026-08-25,6,active,บริการของ wyde
WAR-051,OPL01-Z-808,OPL01,Z-808,2026-02-26,2026-02-26,2026-08-25,6,active,บริการของ wyde
WAR-052,OPL01-Z-832,OPL01,Z-832,2026-03-27,2026-03-27,2026-09-23,6,active,บริการของ wyde
WAR-053,OPL01-Z-840,OPL01,Z-840,2026-03-27,2026-03-27,2026-09-23,6,active,บริการของ wyde
WAR-054,OPL01-Z-940,OPL01,Z-940,2026-02-26,2026-02-26,2026-08-25,6,active,บริการของ wyde
WAR-055,OPL07-B-210,OPL07,B-210,2026-05-14,2026-05-14,2026-11-10,6,active,บริการของ wyde
WAR-056,OPL07-A-216,OPL07,A-216,2026-06-12,2026-06-12,2026-12-09,6,active,บริการของ wyde
WAR-057,OPL07-A-217,OPL07,A-217,2026-05-14,2026-05-14,2026-11-10,6,active,บริการของ wyde
WAR-058,OPL07-A-217,OPL07,A-217,2026-05-14,2026-05-14,2026-11-10,6,active,บริการของ wyde
WAR-059,OPL07-A-329,OPL07,A-329,2026-04-29,2026-04-29,2026-10-26,6,active,บริการของ wyde
WAR-060,OPL07-B-402,OPL07,B-402,2026-06-12,2026-06-12,2026-12-09,6,active,บริการของ wyde
WAR-061,OPL07-A-414,OPL07,A-414,2026-06-09,2026-06-09,2026-12-06,6,active,บริการของ wyde
WAR-062,OPL07-A-427,OPL07,A-427,2026-06-16,2026-06-16,2026-12-13,6,active,บริการของ wyde
WAR-063,OPL07-B-505,OPL07,B-505,2026-06-30,2026-06-30,2026-12-27,6,active,บริการของ wyde
WAR-064,OPL07-B-516,OPL07,B-516,2026-06-11,2026-06-11,2026-12-08,6,active,บริการของ wyde
WAR-065,OPL07-B-526,OPL07,B-526,2026-06-11,2026-06-11,2026-12-08,6,active,บริการของ wyde
WAR-066,OPL07-A-527,OPL07,A-527,2026-05-18,2026-05-18,2026-11-14,6,active,บริการของ wyde
WAR-067,OPL07-B-527,OPL07,B-527,2026-05-30,2026-05-30,2026-11-26,6,active,บริการของ wyde
WAR-068,OPL07-A-533,OPL07,A-533,2026-06-12,2026-06-12,2026-12-09,6,active,บริการของ wyde
WAR-069,OPL07-A-630,OPL07,A-630,2026-06-30,2026-06-30,2026-12-27,6,active,บริการของ wyde
WAR-070,OPL07-A-802,OPL07,A-802,2026-05-26,2026-05-26,2026-11-22,6,active,บริการของ wyde
WAR-071,OPL07-A-832,OPL07,A-832,2026-06-11,2026-06-11,2026-12-08,6,active,บริการของ wyde
WAR-072,ORP04-Z-1012,ORP04,Z-1012,2026-04-29,2026-04-29,2026-10-26,6,active,บริการของ wyde
WAR-073,ORP04-Z-12A03,ORP04,Z-12A03,2026-04-26,2026-04-26,2026-10-23,6,active,บริการของ wyde
WAR-074,ORP04-Z-12A23,ORP04,Z-12A23,2026-04-21,2026-04-21,2026-10-18,6,active,บริการของ wyde
WAR-075,ORP04-Z-1402,ORP04,Z-1402,2026-05-20,2026-05-20,2026-11-16,6,active,บริการของ wyde
WAR-076,ORP04-Z-1404,ORP04,Z-1404,2026-03-27,2026-03-27,2026-09-23,6,active,บริการของ wyde
WAR-077,ORP04-Z-1418,ORP04,Z-1418,2026-05-20,2026-05-20,2026-11-16,6,active,บริการของ wyde
WAR-078,ORP04-Z-1507,ORP04,Z-1507,2026-06-08,2026-06-08,2026-12-05,6,active,บริการของ wyde
WAR-079,ORP04-Z-1510,ORP04,Z-1510,2026-06-29,2026-06-29,2026-12-26,6,active,บริการของ wyde
WAR-080,ORP04-Z-1512,ORP04,Z-1512,2026-06-08,2026-06-08,2026-12-05,6,active,บริการของ wyde
WAR-081,ORP04-Z-1517,ORP04,Z-1517,2026-03-27,2026-03-27,2026-09-23,6,active,บริการของ wyde
WAR-082,ORP04-Z-1520,ORP04,Z-1520,2026-04-29,2026-04-29,2026-10-26,6,active,บริการของ wyde
WAR-083,ORP04-Z-1525,ORP04,Z-1525,2026-05-26,2026-05-26,2026-11-22,6,active,บริการของ wyde
WAR-084,ORP04-Z-1611,ORP04,Z-1611,2026-04-25,2026-04-25,2026-10-22,6,active,บริการของ wyde
WAR-085,ORP04-Z-1623,ORP04,Z-1623,2026-05-12,2026-05-12,2026-11-08,6,active,บริการของ wyde
WAR-086,ORP04-Z-1703,ORP04,Z-1703,2026-04-26,2026-04-26,2026-10-23,6,active,บริการของ wyde
WAR-087,ORP04-Z-1804,ORP04,Z-1804,2026-04-26,2026-04-26,2026-10-23,6,active,บริการของ wyde
WAR-088,ORP04-Z-1902,ORP04,Z-1902,2026-04-30,2026-04-30,2026-10-27,6,active,บริการของ wyde
WAR-089,ORP04-Z-1908,ORP04,Z-1908,2026-04-25,2026-04-25,2026-10-22,6,active,บริการของ wyde
WAR-090,ORP04-Z-1909,ORP04,Z-1909,2026-06-22,2026-06-22,2026-12-19,6,active,บริการของ wyde
WAR-091,ORP04-Z-1911,ORP04,Z-1911,2026-03-27,2026-03-27,2026-09-23,6,active,บริการของ wyde
WAR-092,ORP04-Z-2207,ORP04,Z-2207,2026-06-22,2026-06-22,2026-12-19,6,active,บริการของ wyde
WAR-093,ORP04-Z-2224,ORP04,Z-2224,2026-05-20,2026-05-20,2026-11-16,6,active,บริการของ wyde
WAR-094,ORP04-Z-2412,ORP04,Z-2412,2026-06-22,2026-06-22,2026-12-19,6,active,บริการของ wyde
WAR-095,ORP04-Z-2513,ORP04,Z-2513,2026-06-22,2026-06-22,2026-12-19,6,active,บริการของ wyde
WAR-096,ORP04-Z-2708,ORP04,Z-2708,2026-06-22,2026-06-22,2026-12-19,6,active,บริการของ wyde
WAR-097,ORP04-Z-802,ORP04,Z-802,2026-05-21,2026-05-21,2026-11-17,6,active,บริการของ wyde
WAR-098,ORP04-Z-804,ORP04,Z-804,2026-03-24,2026-03-24,2026-09-20,6,active,บริการของ wyde
WAR-099,ORP04-Z-809,ORP04,Z-809,2026-06-26,2026-06-26,2026-12-23,6,active,บริการของ wyde
WAR-100,ORP04-Z-812,ORP04,Z-812,2026-04-26,2026-04-26,2026-10-23,6,active,บริการของ wyde
WAR-101,ORP04-Z-812,ORP04,Z-812,2026-04-26,2026-04-26,2026-10-23,6,active,บริการของ wyde
WAR-102,ORP04-Z-817,ORP04,Z-817,2026-03-27,2026-03-27,2026-09-23,6,active,บริการของ wyde
WAR-103,ORP04-Z-820,ORP04,Z-820,2026-03-27,2026-03-27,2026-09-23,6,active,บริการของ wyde
WAR-104,ORP04-Z-905,ORP04,Z-905,2026-02-26,2026-02-26,2026-08-25,6,active,บริการของ wyde
WAR-105,ORP04-Z-919,ORP04,Z-919,2026-04-24,2026-04-24,2026-10-21,6,active,บริการของ wyde
WAR-106,ORP03-Z-1001,ORP03,Z-1001,2026-01-29,2026-01-29,2026-07-28,6,active,บริการของ wyde
WAR-107,ORP03-Z-1001,ORP03,Z-1001,2026-01-30,2026-01-30,2026-07-29,6,active,บริการของ wyde
WAR-108,ORP03-Z-1003,ORP03,Z-1003,2026-01-29,2026-01-29,2026-07-28,6,active,บริการของ wyde
WAR-109,ORP03-Z-1011,ORP03,Z-1011,2026-01-30,2026-01-30,2026-07-29,6,active,บริการของ wyde
WAR-110,ORP03-Z-1018,ORP03,Z-1018,2026-04-07,2026-04-07,2026-10-04,6,active,บริการของ wyde
WAR-111,ORP03-Z-1112,ORP03,Z-1112,2026-01-30,2026-01-30,2026-07-29,6,active,บริการของ wyde
WAR-112,ORP03-Z-1207,ORP03,Z-1207,2026-01-30,2026-01-30,2026-07-29,6,active,บริการของ wyde
WAR-113,ORP03-Z-1210,ORP03,Z-1210,2026-05-10,2026-05-10,2026-11-06,6,active,บริการของ wyde
WAR-114,ORP03-Z-1221,ORP03,Z-1221,2026-02-28,2026-02-28,2026-08-27,6,active,บริการของ wyde
WAR-115,ORP03-Z-12A21,ORP03,Z-12A21,2026-05-15,2026-05-15,2026-11-11,6,active,บริการของ wyde
WAR-116,ORP03-Z-1317,ORP03,Z-1317,2026-02-28,2026-02-28,2026-08-27,6,active,บริการของ wyde
WAR-117,ORP03-Z-1401,ORP03,Z-1401,2026-02-28,2026-02-28,2026-08-27,6,active,บริการของ wyde
WAR-118,ORP03-Z-1404,ORP03,Z-1404,2026-01-30,2026-01-30,2026-07-29,6,active,บริการของ wyde
WAR-119,ORP03-Z-1405,ORP03,Z-1405,2026-01-30,2026-01-30,2026-07-29,6,active,บริการของ wyde
WAR-120,ORP03-Z-1408,ORP03,Z-1408,2026-03-23,2026-03-23,2026-09-19,6,active,บริการของ wyde
WAR-121,ORP03-Z-1410,ORP03,Z-1410,2026-02-28,2026-02-28,2026-08-27,6,active,บริการของ wyde
WAR-122,ORP03-Z-1412,ORP03,Z-1412,2026-01-30,2026-01-30,2026-07-29,6,active,บริการของ wyde
WAR-123,ORP03-Z-1415,ORP03,Z-1415,2026-01-29,2026-01-29,2026-07-28,6,active,บริการของ wyde
WAR-124,ORP03-Z-1501,ORP03,Z-1501,2026-06-08,2026-06-08,2026-12-05,6,active,บริการของ wyde
WAR-125,ORP03-Z-1503,ORP03,Z-1503,2026-02-24,2026-02-24,2026-08-23,6,active,บริการของ wyde
WAR-126,ORP03-Z-1503,ORP03,Z-1503,2026-02-28,2026-02-28,2026-08-27,6,active,บริการของ wyde
WAR-127,ORP03-Z-1515,ORP03,Z-1515,2026-01-29,2026-01-29,2026-07-28,6,active,บริการของ wyde
WAR-128,ORP03-Z-1608,ORP03,Z-1608,2026-02-28,2026-02-28,2026-08-27,6,active,บริการของ wyde
WAR-129,ORP03-Z-1611,ORP03,Z-1611,2026-02-28,2026-02-28,2026-08-27,6,active,บริการของ wyde
WAR-130,ORP03-Z-1613,ORP03,Z-1613,2026-02-28,2026-02-28,2026-08-27,6,active,บริการของ wyde
WAR-131,ORP03-Z-1615,ORP03,Z-1615,2026-06-08,2026-06-08,2026-12-05,6,active,บริการของ wyde
WAR-132,ORP03-Z-1619,ORP03,Z-1619,2026-02-28,2026-02-28,2026-08-27,6,active,บริการของ wyde
WAR-133,ORP03-Z-1621,ORP03,Z-1621,2026-02-28,2026-02-28,2026-08-27,6,active,บริการของ wyde
WAR-134,ORP03-Z-1701,ORP03,Z-1701,2026-01-30,2026-01-30,2026-07-29,6,active,บริการของ wyde
WAR-135,ORP03-Z-1704,ORP03,Z-1704,2026-02-28,2026-02-28,2026-08-27,6,active,บริการของ wyde
WAR-136,ORP03-Z-1707,ORP03,Z-1707,2026-02-28,2026-02-28,2026-08-27,6,active,บริการของ wyde
WAR-137,ORP03-Z-1711,ORP03,Z-1711,2026-01-30,2026-01-30,2026-07-29,6,active,บริการของ wyde
WAR-138,ORP03-Z-1712,ORP03,Z-1712,2026-02-24,2026-02-24,2026-08-23,6,active,บริการของ wyde
WAR-139,ORP03-Z-1712,ORP03,Z-1712,2026-02-28,2026-02-28,2026-08-27,6,active,บริการของ wyde
WAR-140,ORP03-Z-1720,ORP03,Z-1720,2026-06-24,2026-06-24,2026-12-21,6,active,บริการของ wyde
WAR-141,ORP03-Z-1721,ORP03,Z-1721,2026-01-30,2026-01-30,2026-07-29,6,active,บริการของ wyde
WAR-142,ORP03-Z-1806,ORP03,Z-1806,2026-02-28,2026-02-28,2026-08-27,6,active,บริการของ wyde
WAR-143,ORP03-Z-1813,ORP03,Z-1813,2026-02-28,2026-02-28,2026-08-27,6,active,บริการของ wyde
WAR-144,ORP03-Z-1901,ORP03,Z-1901,2026-05-19,2026-05-19,2026-11-15,6,active,บริการของ wyde
WAR-145,ORP03-Z-1907,ORP03,Z-1907,2026-01-29,2026-01-29,2026-07-28,6,active,บริการของ wyde
WAR-146,ORP03-Z-1909,ORP03,Z-1909,2026-02-06,2026-02-06,2026-08-05,6,active,บริการของ wyde
WAR-147,ORP03-Z-1909,ORP03,Z-1909,2026-01-29,2026-01-29,2026-07-28,6,active,บริการของ wyde
WAR-148,ORP03-Z-1921,ORP03,Z-1921,2026-02-28,2026-02-28,2026-08-27,6,active,บริการของ wyde
WAR-149,ORP03-Z-2001,ORP03,Z-2001,2026-03-22,2026-03-22,2026-09-18,6,active,บริการของ wyde
WAR-150,ORP03-Z-2001,ORP03,Z-2001,2026-01-30,2026-01-30,2026-07-29,6,active,บริการของ wyde
WAR-151,ORP03-Z-2002,ORP03,Z-2002,2026-01-30,2026-01-30,2026-07-29,6,active,บริการของ wyde
WAR-152,ORP03-Z-2006,ORP03,Z-2006,2026-04-25,2026-04-25,2026-10-22,6,active,บริการของ wyde
WAR-153,ORP03-Z-2006,ORP03,Z-2006,2026-02-28,2026-02-28,2026-08-27,6,active,บริการของ wyde
WAR-154,ORP03-Z-2008,ORP03,Z-2008,2026-02-28,2026-02-28,2026-08-27,6,active,บริการของ wyde
WAR-155,ORP03-Z-2021,ORP03,Z-2021,2026-02-28,2026-02-28,2026-08-27,6,active,บริการของ wyde
WAR-156,ORP03-Z-2103,ORP03,Z-2103,2026-02-28,2026-02-28,2026-08-27,6,active,บริการของ wyde
WAR-157,ORP03-Z-2106,ORP03,Z-2106,2026-02-28,2026-02-28,2026-08-27,6,active,บริการของ wyde
WAR-158,ORP03-Z-2107,ORP03,Z-2107,2026-02-28,2026-02-28,2026-08-27,6,active,บริการของ wyde
WAR-159,ORP03-Z-2114,ORP03,Z-2114,2026-04-21,2026-04-21,2026-10-18,6,active,บริการของ wyde
WAR-160,ORP03-Z-2116,ORP03,Z-2116,2026-05-26,2026-05-26,2026-11-22,6,active,บริการของ wyde
WAR-161,ORP03-Z-2119,ORP03,Z-2119,2026-04-08,2026-04-08,2026-10-05,6,active,บริการของ wyde
WAR-162,ORP03-Z-2120,ORP03,Z-2120,2026-02-28,2026-02-28,2026-08-27,6,active,บริการของ wyde
WAR-163,ORP03-Z-2201,ORP03,Z-2201,2026-01-29,2026-01-29,2026-07-28,6,active,บริการของ wyde
WAR-164,ORP03-Z-2202,ORP03,Z-2202,2026-05-26,2026-05-26,2026-11-22,6,active,บริการของ wyde
WAR-165,ORP03-Z-2202,ORP03,Z-2202,2026-02-28,2026-02-28,2026-08-27,6,active,บริการของ wyde
WAR-166,ORP03-Z-2204,ORP03,Z-2204,2026-02-28,2026-02-28,2026-08-27,6,active,บริการของ wyde
WAR-167,ORP03-Z-2207,ORP03,Z-2207,2026-02-28,2026-02-28,2026-08-27,6,active,บริการของ wyde
WAR-168,ORP03-Z-2212,ORP03,Z-2212,2026-06-26,2026-06-26,2026-12-23,6,active,บริการของ wyde
WAR-169,ORP03-Z-2214,ORP03,Z-2214,2026-02-28,2026-02-28,2026-08-27,6,active,บริการของ wyde
WAR-170,ORP03-Z-2220,ORP03,Z-2220,2026-05-27,2026-05-27,2026-11-23,6,active,บริการของ wyde
WAR-171,ORP03-Z-2220,ORP03,Z-2220,2026-02-28,2026-02-28,2026-08-27,6,active,บริการของ wyde
WAR-172,ORP03-Z-2305,ORP03,Z-2305,2026-01-30,2026-01-30,2026-07-29,6,active,บริการของ wyde
WAR-173,ORP03-Z-2306,ORP03,Z-2306,2026-02-28,2026-02-28,2026-08-27,6,active,บริการของ wyde
WAR-174,ORP03-Z-2307,ORP03,Z-2307,2026-02-28,2026-02-28,2026-08-27,6,active,บริการของ wyde
WAR-175,ORP03-Z-2308,ORP03,Z-2308,2026-06-11,2026-06-11,2026-12-08,6,active,บริการของ wyde
WAR-176,ORP03-Z-2319,ORP03,Z-2319,2026-02-28,2026-02-28,2026-08-27,6,active,บริการของ wyde
WAR-177,ORP03-Z-803,ORP03,Z-803,2026-05-27,2026-05-27,2026-11-23,6,active,บริการของ wyde
WAR-178,ORP03-Z-811,ORP03,Z-811,2026-01-30,2026-01-30,2026-07-29,6,active,บริการของ wyde
WAR-179,ORP03-Z-902,ORP03,Z-902,2026-03-05,2026-03-05,2026-09-01,6,active,บริการของ wyde
WAR-180,ORP03-Z-905,ORP03,Z-905,2026-01-29,2026-01-29,2026-07-28,6,active,บริการของ wyde
WAR-181,ORP03-Z-905,ORP03,Z-905,2026-01-29,2026-01-29,2026-07-28,6,active,บริการของ wyde
WAR-182,ORP03-Z-906,ORP03,Z-906,2026-01-29,2026-01-29,2026-07-28,6,active,บริการของ wyde
WAR-183,ORP03-Z-906,ORP03,Z-906,2026-01-29,2026-01-29,2026-07-28,6,active,บริการของ wyde
WAR-184,ORP03-Z-907,ORP03,Z-907,2026-01-30,2026-01-30,2026-07-29,6,active,บริการของ wyde
WAR-185,ORP03-Z-911,ORP03,Z-911,2026-04-01,2026-04-01,2026-09-28,5,active,บริการของ wyde
WAR-186,ORP03-Z-919,ORP03,Z-919,2026-01-30,2026-01-30,2026-07-29,6,active,บริการของ wyde
WAR-187,ORP03-Z-921,ORP03,Z-921,2026-01-30,2026-01-30,2026-07-29,6,active,บริการของ wyde
WAR-188,OPP05-Z-1339,OPP05,Z-1339,2026-04-01,2026-04-01,2026-09-28,5,active,บริการของ wyde
WAR-189,OPP05-Z-1412,OPP05,Z-1412,2026-03-05,2026-03-05,2026-09-01,6,active,บริการของ wyde
WAR-190,OPP05-Z-1537,OPP05,Z-1537,2026-01-19,2026-01-19,2026-07-18,6,active,บริการของ wyde
WAR-191,OPP05-Z-1601,OPP05,Z-1601,2026-04-01,2026-04-01,2026-09-28,5,active,บริการของ wyde
WAR-192,OPP05-Z-1601,OPP05,Z-1601,2026-03-25,2026-03-25,2026-09-21,6,active,บริการของ wyde
WAR-193,OPP05-Z-1632,OPP05,Z-1632,2026-03-31,2026-03-31,2026-09-27,6,active,บริการของ wyde
WAR-194,OPP05-Z-1633,OPP05,Z-1633,2026-01-29,2026-01-29,2026-07-28,6,active,บริการของ wyde
WAR-195,OPP05-Z-1634,OPP05,Z-1634,2026-04-01,2026-04-01,2026-09-28,5,active,บริการของ wyde
WAR-196,OPP05-Z-1739,OPP05,Z-1739,2026-01-19,2026-01-19,2026-07-18,6,active,บริการของ wyde
WAR-197,OPP05-Z-1743,OPP05,Z-1743,2026-01-29,2026-01-29,2026-07-28,6,active,บริการของ wyde
WAR-198,OPP05-Z-2230,OPP05,Z-2230,2026-03-17,2026-03-17,2026-09-13,6,active,บริการของ wyde
WAR-199,OPP05-Z-621,OPP05,Z-621,2026-02-17,2026-02-17,2026-08-16,6,active,บริการของ wyde
WAR-200,OPP02-Z-925,OPP02,Z-925,2026-01-27,2026-01-27,2026-07-26,6,active,บริการของ wyde
WAR-201,OPP02-Z-925,OPP02,Z-925,2026-01-27,2026-01-27,2026-07-26,6,active,บริการของ wyde
WAR-202,OPP02-Z-930,OPP02,Z-930,2026-01-29,2026-01-29,2026-07-28,6,active,บริการของ wyde
WAR-203,OPP02-Z-1005,OPP02,Z-1005,2026-05-26,2026-05-26,2026-11-22,6,active,บริการของ wyde
WAR-204,OPP02-Z-12A07,OPP02,Z-12A07,2026-05-26,2026-05-26,2026-11-22,6,active,บริการของ wyde
WAR-205,OPP02-Z-1639,OPP02,Z-1639,2026-05-26,2026-05-26,2026-11-22,6,active,บริการของ wyde
WAR-206,OPP02-Z-2025,OPP02,Z-2025,2026-05-27,2026-05-27,2026-11-23,6,active,บริการของ wyde
WAR-207,OPP02-Z-2034,OPP02,Z-2034,2026-05-20,2026-05-20,2026-11-16,6,active,บริการของ wyde
WAR-208,OPP02-Z-2226,OPP02,Z-2226,2026-05-26,2026-05-26,2026-11-22,6,active,บริการของ wyde
WAR-209,OPP02-Z-2329,OPP02,Z-2329,2026-05-26,2026-05-26,2026-11-22,6,active,บริการของ wyde
WAR-210,OPP02-Z-2427,OPP02,Z-2427,2026-02-25,2026-02-25,2026-08-24,6,active,บริการของ wyde
WAR-211,OPP02-Z-2939,OPP02,Z-2939,2026-05-27,2026-05-27,2026-11-23,6,active,บริการของ wyde
WAR-212,TOR06-A-1801,TOR06,A-1801,2026-04-04,2026-04-04,2026-10-01,6,active,บริการของ wyde
WAR-213,TOR06-A-1801,TOR06,A-1801,2026-04-04,2026-04-04,2026-10-01,6,active,บริการของ wyde
WAR-214,TOR06-E-801,TOR06,E-801,2026-06-30,2026-06-30,2026-12-27,6,active,บริการของ wyde
WAR-215,OPP03-B-905,OPP03,B-905,2026-02-26,2026-02-26,2026-08-25,6,active,บริการของ wyde
WAR-216,OPP03-A-1415,OPP03,A-1415,2026-04-26,2026-04-26,2026-10-23,6,active,บริการของ wyde
WAR-217,OPP03-B-1512,OPP03,B-1512,2026-03-17,2026-03-17,2026-09-13,6,active,บริการของ wyde
WAR-218,OPP03-A-1814,OPP03,A-1814,2026-03-27,2026-03-27,2026-09-23,6,active,บริการของ wyde
WAR-219,OPP03-B-2305,OPP03,B-2305,2026-03-18,2026-03-18,2026-09-14,6,active,บริการของ wyde
WAR-220,OPP03-A-2401,OPP03,A-2401,2026-01-31,2026-01-31,2026-07-30,6,active,บริการของ wyde
WAR-221,OPP04-Z-2218,OPP04,Z-2218,2026-01-28,2026-01-28,2026-07-27,6,active,บริการของ wyde
WAR-222,OPP04-Z-2219,OPP04,Z-2219,2026-01-28,2026-01-28,2026-07-27,6,active,บริการของ wyde
WAR-223,PRK01-Z-21 Rm,PRK01,Z-21 Rm,2026-06-05,2026-06-05,2026-12-02,6,active,บริการของ wyde
WAR-224,PRK01-B-2304,PRK01,B-2304,2026-02-18,2026-02-18,2026-08-17,6,active,บริการของ wyde
WAR-225,PRK01-B-2305,PRK01,B-2305,2026-02-18,2026-02-18,2026-08-17,6,active,บริการของ wyde
WAR-226,Z0075-B-Int,Z0075,B-Int,2026-03-27,2026-03-27,2026-09-23,6,active,บริการของ wyde
WAR-227,Z0075-D-Int,Z0075,D-Int,2026-03-27,2026-03-27,2026-09-23,6,active,บริการของ wyde
WAR-228,Z0075-B-LF,Z0075,B-LF,2026-03-29,2026-03-29,2026-09-25,6,active,บริการของ wyde
WAR-229,Z0075-D-LF,Z0075,D-LF,2026-03-28,2026-03-28,2026-09-24,6,active,บริการของ wyde
WAR-230,Z0075-B-Sink,Z0075,B-Sink,2026-03-27,2026-03-27,2026-09-23,6,active,บริการของ wyde
WAR-231,Z0075-D-Sink,Z0075,D-Sink,2026-03-27,2026-03-27,2026-09-23,6,active,บริการของ wyde
WAR-232,Z0075-B-VO,Z0075,B-VO,2026-03-27,2026-03-27,2026-09-23,6,active,บริการของ wyde
WAR-233,Z0075-D-VO,Z0075,D-VO,2026-03-27,2026-03-27,2026-09-23,6,active,บริการของ wyde
WAR-234,PRK06-Z-2505,PRK06,Z-2505,2026-05-27,2026-05-27,2026-11-23,6,active,บริการของ wyde
WAR-235,PRK06-Z-4413,PRK06,Z-4413,2026-02-28,2026-02-28,2026-08-27,6,active,บริการของ wyde
WAR-236,PRK06-Z-4413,PRK06,Z-4413,2026-02-28,2026-02-28,2026-08-27,6,active,บริการของ wyde
WAR-237,PRK03-Z-616,PRK03,Z-616,2026-05-19,2026-05-19,2026-11-15,6,active,บริการของ wyde
WAR-238,PRK03-Z-924,PRK03,Z-924,2026-06-26,2026-06-26,2026-12-23,6,active,บริการของ wyde
WAR-239,PRK05-Z-2510,PRK05,Z-2510,2026-05-30,2026-05-30,2026-11-26,6,active,บริการของ wyde
WAR-240,PRK05-Z-2510,PRK05,Z-2510,2026-05-30,2026-05-30,2026-11-26,6,active,บริการของ wyde
WAR-241,PRK05-Z-2510,PRK05,Z-2510,2026-05-30,2026-05-30,2026-11-26,6,active,บริการของ wyde
WAR-242,PRK05-Z-3506,PRK05,Z-3506,2026-01-05,2026-01-05,2026-07-04,6,active,บริการของ wyde
WAR-243,PRK05-Z-3706,PRK05,Z-3706,2026-01-08,2026-01-08,2026-07-07,6,active,บริการของ wyde
WAR-244,PRK05-Z-3811,PRK05,Z-3811,2026-05-12,2026-05-12,2026-11-08,6,active,บริการของ wyde
WAR-245,PRK04-C-2509,PRK04,C-2509,2026-01-28,2026-01-28,2026-07-27,6,active,บริการของ wyde
WAR-246,PRK04-B-2511,PRK04,B-2511,2026-03-27,2026-03-27,2026-09-23,6,active,บริการของ wyde
WAR-247,PRK04-B-2511,PRK04,B-2511,2026-03-27,2026-03-27,2026-09-23,6,active,บริการของ wyde
WAR-248,PRK04-B-3613,PRK04,B-3613,2026-03-25,2026-03-25,2026-09-21,6,active,บริการของ wyde
WAR-249,PRK04-C-3903,PRK04,C-3903,2026-02-26,2026-02-26,2026-08-25,6,active,บริการของ wyde
WAR-250,PRK04-C-4208,PRK04,C-4208,2026-05-20,2026-05-20,2026-11-16,6,active,บริการของ wyde
WAR-251,PRK04-C-4408,PRK04,C-4408,2026-03-27,2026-03-27,2026-09-23,6,active,บริการของ wyde
WAR-252,SOR01-Z-1604,SOR01,Z-1604,2026-03-23,2026-03-23,2026-09-19,6,active,บริการของ wyde
WAR-253,SOR01-Z-1818,SOR01,Z-1818,2026-03-31,2026-03-31,2026-09-27,6,active,บริการของ wyde
WAR-254,SOR01-Z-2219,SOR01,Z-2219,2026-06-26,2026-06-26,2026-12-23,6,active,บริการของ wyde
WAR-255,SOR01-Z-807,SOR01,Z-807,2026-04-26,2026-04-26,2026-10-23,6,active,บริการของ wyde
WAR-256,SOR02-Z-1446,SOR02,Z-1446,2026-03-12,2026-03-12,2026-09-08,6,active,บริการของ wyde
WAR-257,SOR02-Z-614,SOR02,Z-614,2026-05-08,2026-05-08,2026-11-04,6,active,บริการของ wyde
WAR-258,TOR10-A-204,TOR10,A-204,2026-05-26,2026-05-26,2026-11-22,6,active,บริการของ wyde
WAR-259,TOR10-A-233,TOR10,A-233,2026-06-26,2026-06-26,2026-12-23,6,active,บริการของ wyde
WAR-260,TOR10-A-309,TOR10,A-309,2026-05-21,2026-05-21,2026-11-17,6,active,บริการของ wyde
WAR-261,TOR10-A-603,TOR10,A-603,2026-06-26,2026-06-26,2026-12-23,6,active,บริการของ wyde
WAR-262,TOR10-D-611,TOR10,D-611,2026-06-26,2026-06-26,2026-12-23,6,active,บริการของ wyde
WAR-263,TOR10-D-611,TOR10,D-611,2026-06-26,2026-06-26,2026-12-23,6,active,บริการของ wyde
WAR-264,TOR10-D-617,TOR10,D-617,2026-05-25,2026-05-25,2026-11-21,6,active,บริการของ wyde
WAR-265,TOR10-D-620,TOR10,D-620,2026-05-25,2026-05-25,2026-11-21,6,active,บริการของ wyde
WAR-266,TOR10-D-628,TOR10,D-628,2026-04-27,2026-04-27,2026-10-24,6,active,บริการของ wyde
WAR-267,TOR10-A-705,TOR10,A-705,2026-04-07,2026-04-07,2026-10-04,6,active,บริการของ wyde
WAR-268,TOR10-A-818,TOR10,A-818,2026-05-25,2026-05-25,2026-11-21,6,active,บริการของ wyde
WAR-269,TOR14-B-534,TOR14,B-534,2026-06-16,2026-06-16,2026-12-13,6,active,บริการของ wyde
WAR-270,TOR19-B-219,TOR19,B-219,2026-06-24,2026-06-24,2026-12-21,6,active,บริการของ wyde
WAR-271,TOR19-A-223,TOR19,A-223,2026-04-01,2026-04-01,2026-09-28,5,active,บริการของ wyde
WAR-272,TOR19-B-305,TOR19,B-305,2026-06-19,2026-06-19,2026-12-16,6,active,บริการของ wyde
WAR-273,TOR19-B-313,TOR19,B-313,2026-06-22,2026-06-22,2026-12-19,6,active,บริการของ wyde
WAR-274,TOR19-B-314,TOR19,B-314,2026-06-24,2026-06-24,2026-12-21,6,active,บริการของ wyde
WAR-275,TOR19-B-315,TOR19,B-315,2026-06-19,2026-06-19,2026-12-16,6,active,บริการของ wyde
WAR-276,TOR19-A-325,TOR19,A-325,2026-05-05,2026-05-05,2026-11-01,6,active,บริการของ wyde
WAR-277,TOR19-B-333,TOR19,B-333,2026-06-22,2026-06-22,2026-12-19,6,active,บริการของ wyde
WAR-278,TOR19-B-405,TOR19,B-405,2026-06-19,2026-06-19,2026-12-16,6,active,บริการของ wyde
WAR-279,TOR19-A-514,TOR19,A-514,2026-06-16,2026-06-16,2026-12-13,6,active,บริการของ wyde
WAR-280,TOR19-A-516,TOR19,A-516,2026-06-19,2026-06-19,2026-12-16,6,active,บริการของ wyde
WAR-281,TOR19-A-517,TOR19,A-517,2026-06-16,2026-06-16,2026-12-13,6,active,บริการของ wyde
WAR-282,TOR19-C-605,TOR19,C-605,2026-06-18,2026-06-18,2026-12-15,6,active,บริการของ wyde
WAR-283,TOR19-C-608,TOR19,C-608,2026-06-11,2026-06-11,2026-12-08,6,active,บริการของ wyde
WAR-284,TOR19-B-623,TOR19,B-623,2026-06-10,2026-06-10,2026-12-07,6,active,บริการของ wyde
WAR-285,TOR19-C-628,TOR19,C-628,2026-06-16,2026-06-16,2026-12-13,6,active,บริการของ wyde
WAR-286,TOR19-C-631,TOR19,C-631,2026-05-21,2026-05-21,2026-11-17,6,active,บริการของ wyde
WAR-287,TOR19-B-703,TOR19,B-703,2026-06-29,2026-06-29,2026-12-26,6,active,บริการของ wyde
WAR-288,TOR19-B-704,TOR19,B-704,2026-06-29,2026-06-29,2026-12-26,6,active,บริการของ wyde
WAR-289,TOR19-B-705,TOR19,B-705,2026-06-29,2026-06-29,2026-12-26,6,active,บริการของ wyde
WAR-290,TOR19-B-706,TOR19,B-706,2026-06-29,2026-06-29,2026-12-26,6,active,บริการของ wyde
WAR-291,TOR19-B-707,TOR19,B-707,2026-06-29,2026-06-29,2026-12-26,6,active,บริการของ wyde
WAR-292,TOR19-A-724,TOR19,A-724,2026-05-26,2026-05-26,2026-11-22,6,active,บริการของ wyde
WAR-293,TOR19-C-726,TOR19,C-726,2026-06-24,2026-06-24,2026-12-21,6,active,บริการของ wyde
WAR-294,TOR19-B-806,TOR19,B-806,2026-06-10,2026-06-10,2026-12-07,6,active,บริการของ wyde
WAR-295,TOR19-B-611,TOR19,B-611,2026-03-05,2026-03-05,2026-09-01,6,active,บริการของ wyde
WAR-296,TOR12-B-205,TOR12,B-205,2026-03-23,2026-03-23,2026-09-19,6,active,บริการของ wyde
WAR-297,TOR12-A-211,TOR12,A-211,2026-01-27,2026-01-27,2026-07-26,6,active,บริการของ wyde
WAR-298,TOR12-A-222,TOR12,A-222,2026-01-29,2026-01-29,2026-07-28,6,active,บริการของ wyde
WAR-299,TOR12-B-301,TOR12,B-301,2026-02-19,2026-02-19,2026-08-18,6,active,บริการของ wyde
WAR-300,TOR12-A-303,TOR12,A-303,2026-02-18,2026-02-18,2026-08-17,6,active,บริการของ wyde
WAR-301,TOR12-B-308,TOR12,B-308,2026-02-27,2026-02-27,2026-08-26,6,active,บริการของ wyde
WAR-302,TOR12-B-309,TOR12,B-309,2026-02-18,2026-02-18,2026-08-17,6,active,บริการของ wyde
WAR-303,TOR12-B-327,TOR12,B-327,2026-02-20,2026-02-20,2026-08-19,6,active,บริการของ wyde
WAR-304,TOR12-B-328,TOR12,B-328,2026-04-11,2026-04-11,2026-10-08,6,active,บริการของ wyde
WAR-305,TOR12-A-331,TOR12,A-331,2026-01-28,2026-01-28,2026-07-27,6,active,บริการของ wyde
WAR-306,TOR12-B-401,TOR12,B-401,2026-06-30,2026-06-30,2026-12-27,6,active,บริการของ wyde
WAR-307,TOR12-B-404,TOR12,B-404,2026-01-08,2026-01-08,2026-07-07,6,active,บริการของ wyde
WAR-308,TOR12-B-405,TOR12,B-405,2026-01-08,2026-01-08,2026-07-07,6,active,บริการของ wyde
WAR-309,TOR12-B-410,TOR12,B-410,2026-01-08,2026-01-08,2026-07-07,6,active,บริการของ wyde
WAR-310,TOR12-A-501,TOR12,A-501,2026-05-31,2026-05-31,2026-11-27,6,active,บริการของ wyde
WAR-311,TOR12-A-501,TOR12,A-501,2026-02-21,2026-02-21,2026-08-20,6,active,บริการของ wyde
WAR-312,TOR12-B-502,TOR12,B-502,2026-01-03,2026-01-03,2026-07-02,6,active,บริการของ wyde
WAR-313,TOR12-B-502,TOR12,B-502,2026-01-03,2026-01-03,2026-07-02,6,active,บริการของ wyde
WAR-314,TOR12-A-504,TOR12,A-504,2026-02-18,2026-02-18,2026-08-17,6,active,บริการของ wyde
WAR-315,TOR12-A-504,TOR12,A-504,2026-03-29,2026-03-29,2026-09-25,6,active,บริการของ wyde
WAR-316,TOR12-A-504,TOR12,A-504,2026-04-29,2026-04-29,2026-10-26,6,active,บริการของ wyde
WAR-317,TOR12-A-505,TOR12,A-505,2026-06-23,2026-06-23,2026-12-20,6,active,บริการของ wyde
WAR-318,TOR12-B-511,TOR12,B-511,2026-05-11,2026-05-11,2026-11-07,6,active,บริการของ wyde
WAR-319,TOR12-B-524,TOR12,B-524,2026-02-18,2026-02-18,2026-08-17,6,active,บริการของ wyde
WAR-320,TOR12-B-529,TOR12,B-529,2026-03-02,2026-03-02,2026-08-29,5,active,บริการของ wyde
WAR-321,TOR12-B-609,TOR12,B-609,2026-03-30,2026-03-30,2026-09-26,6,active,บริการของ wyde
WAR-322,TOR12-B-623,TOR12,B-623,2026-01-28,2026-01-28,2026-07-27,6,active,บริการของ wyde
WAR-323,TOR12-B-625,TOR12,B-625,2026-01-23,2026-01-23,2026-07-22,6,active,บริการของ wyde
WAR-324,TOR12-B-630,TOR12,B-630,2026-02-20,2026-02-20,2026-08-19,6,active,บริการของ wyde
WAR-325,TOR12-A-728,TOR12,A-728,2026-02-15,2026-02-15,2026-08-14,6,active,บริการของ wyde
WAR-326,TOR12-A-828,TOR12,A-828,2026-06-26,2026-06-26,2026-12-23,6,active,บริการของ wyde
WAR-327,TOR12-B-833,TOR12,B-833,2026-03-25,2026-03-25,2026-09-21,6,active,บริการของ wyde
WAR-328,TOR03-H-517,TOR03,H-517,2026-06-18,2026-06-18,2026-12-15,6,active,บริการของ wyde
WAR-329,TOR03-H-517,TOR03,H-517,2026-06-18,2026-06-18,2026-12-15,6,active,บริการของ wyde
WAR-330,TOR09-Z-1202,TOR09,Z-1202,2026-02-04,2026-02-04,2026-08-03,6,active,บริการของ wyde
WAR-331,TOR09-Z-1203,TOR09,Z-1203,2026-04-20,2026-04-20,2026-10-17,6,active,บริการของ wyde
WAR-332,TOR09-Z-1206,TOR09,Z-1206,2026-05-26,2026-05-26,2026-11-22,6,active,บริการของ wyde
WAR-333,TOR09-Z-1211,TOR09,Z-1211,2026-02-25,2026-02-25,2026-08-24,6,active,บริการของ wyde
WAR-334,TOR09-Z-1218,TOR09,Z-1218,2026-02-25,2026-02-25,2026-08-24,6,active,บริการของ wyde
WAR-335,TOR09-Z-12A05,TOR09,Z-12A05,2026-05-05,2026-05-05,2026-11-01,6,active,บริการของ wyde
WAR-336,TOR09-Z-12A05,TOR09,Z-12A05,2026-05-05,2026-05-05,2026-11-01,6,active,บริการของ wyde
WAR-337,TOR09-Z-12A06,TOR09,Z-12A06,2026-04-27,2026-04-27,2026-10-24,6,active,บริการของ wyde
WAR-338,TOR09-Z-12A04,TOR09,Z-12A04,2026-02-05,2026-02-05,2026-08-04,6,active,บริการของ wyde
WAR-339,TOR09-Z-1304,TOR09,Z-1304,2026-02-25,2026-02-25,2026-08-24,6,active,บริการของ wyde
WAR-340,TOR09-Z-1402,TOR09,Z-1402,2026-03-12,2026-03-12,2026-09-08,6,active,บริการของ wyde
WAR-341,TOR09-Z-1404,TOR09,Z-1404,2026-04-27,2026-04-27,2026-10-24,6,active,บริการของ wyde
WAR-342,TOR09-Z-1410,TOR09,Z-1410,2026-04-05,2026-04-05,2026-10-02,6,active,บริการของ wyde
WAR-343,TOR09-Z-1411,TOR09,Z-1411,2026-04-01,2026-04-01,2026-09-28,5,active,บริการของ wyde
WAR-344,TOR09-Z-1412,TOR09,Z-1412,2026-04-01,2026-04-01,2026-09-28,5,active,บริการของ wyde
WAR-345,TOR09-Z-1418,TOR09,Z-1418,2026-02-25,2026-02-25,2026-08-24,6,active,บริการของ wyde
WAR-346,TOR09-Z-1506,TOR09,Z-1506,2026-02-23,2026-02-23,2026-08-22,6,active,บริการของ wyde
WAR-347,TOR09-Z-1506,TOR09,Z-1506,2026-02-25,2026-02-25,2026-08-24,6,active,บริการของ wyde
WAR-348,TOR09-Z-1515,TOR09,Z-1515,2026-02-22,2026-02-22,2026-08-21,6,active,บริการของ wyde
WAR-349,TOR09-Z-1515,TOR09,Z-1515,2026-02-22,2026-02-22,2026-08-21,6,active,บริการของ wyde
WAR-350,TOR09-Z-1515,TOR09,Z-1515,2026-02-22,2026-02-22,2026-08-21,6,active,บริการของ wyde
WAR-351,TOR09-Z-1517,TOR09,Z-1517,2026-03-12,2026-03-12,2026-09-08,6,active,บริการของ wyde
WAR-352,TOR09-Z-1522,TOR09,Z-1522,2026-03-12,2026-03-12,2026-09-08,6,active,บริการของ wyde
WAR-353,TOR09-Z-1526,TOR09,Z-1526,2026-04-29,2026-04-29,2026-10-26,6,active,บริการของ wyde
WAR-354,TOR09-Z-1603,TOR09,Z-1603,2026-02-19,2026-02-19,2026-08-18,6,active,บริการของ wyde
WAR-355,TOR09-Z-1603,TOR09,Z-1603,2026-02-25,2026-02-25,2026-08-24,6,active,บริการของ wyde
WAR-356,TOR09-Z-1617,TOR09,Z-1617,2026-04-28,2026-04-28,2026-10-25,6,active,บริการของ wyde
WAR-357,TOR09-Z-1704,TOR09,Z-1704,2026-02-10,2026-02-10,2026-08-09,6,active,บริการของ wyde
WAR-358,TOR09-Z-1704,TOR09,Z-1704,2026-02-25,2026-02-25,2026-08-24,6,active,บริการของ wyde
WAR-359,TOR09-Z-1705,TOR09,Z-1705,2026-02-10,2026-02-10,2026-08-09,6,active,บริการของ wyde
WAR-360,TOR09-Z-1705,TOR09,Z-1705,2026-02-25,2026-02-25,2026-08-24,6,active,บริการของ wyde
WAR-361,TOR09-Z-1803,TOR09,Z-1803,2026-03-01,2026-03-01,2026-08-28,5,active,บริการของ wyde
WAR-362,TOR09-Z-1803,TOR09,Z-1803,2026-02-25,2026-02-25,2026-08-24,6,active,บริการของ wyde
WAR-363,TOR09-Z-1903,TOR09,Z-1903,2026-05-28,2026-05-28,2026-11-24,6,active,บริการของ wyde
WAR-364,TOR09-Z-1909,TOR09,Z-1909,2026-02-06,2026-02-06,2026-08-05,6,active,บริการของ wyde
WAR-365,TOR09-Z-1909,TOR09,Z-1909,2026-02-25,2026-02-25,2026-08-24,6,active,บริการของ wyde
WAR-366,TOR09-Z-1910,TOR09,Z-1910,2026-02-06,2026-02-06,2026-08-05,6,active,บริการของ wyde
WAR-367,TOR09-Z-1910,TOR09,Z-1910,2026-02-25,2026-02-25,2026-08-24,6,active,บริการของ wyde
WAR-368,TOR09-Z-1911,TOR09,Z-1911,2026-02-06,2026-02-06,2026-08-05,6,active,บริการของ wyde
WAR-369,TOR09-Z-1911,TOR09,Z-1911,2026-02-25,2026-02-25,2026-08-24,6,active,บริการของ wyde
WAR-370,TOR09-Z-1912,TOR09,Z-1912,2026-02-06,2026-02-06,2026-08-05,6,active,บริการของ wyde
WAR-371,TOR09-Z-1912,TOR09,Z-1912,2026-02-25,2026-02-25,2026-08-24,6,active,บริการของ wyde
WAR-372,TOR09-Z-1918,TOR09,Z-1918,2026-03-10,2026-03-10,2026-09-06,6,active,บริการของ wyde
WAR-373,TOR09-Z-2009,TOR09,Z-2009,2026-03-17,2026-03-17,2026-09-13,6,active,บริการของ wyde
WAR-374,TOR09-Z-2021,TOR09,Z-2021,2026-05-26,2026-05-26,2026-11-22,6,active,บริการของ wyde
WAR-375,TOR09-Z-2022,TOR09,Z-2022,2026-03-05,2026-03-05,2026-09-01,6,active,บริการของ wyde
WAR-376,TOR09-Z-2103,TOR09,Z-2103,2026-04-07,2026-04-07,2026-10-04,6,active,บริการของ wyde
WAR-377,TOR09-Z-2110,TOR09,Z-2110,2026-04-21,2026-04-21,2026-10-18,6,active,บริการของ wyde
WAR-378,TOR09-Z-2113,TOR09,Z-2113,2026-02-19,2026-02-19,2026-08-18,6,active,บริการของ wyde
WAR-379,TOR09-Z-2113,TOR09,Z-2113,2026-02-25,2026-02-25,2026-08-24,6,active,บริการของ wyde
WAR-380,TOR09-Z-2118,TOR09,Z-2118,2026-03-09,2026-03-09,2026-09-05,6,active,บริการของ wyde
WAR-381,TOR09-Z-2121,TOR09,Z-2121,2026-03-12,2026-03-12,2026-09-08,6,active,บริการของ wyde
WAR-382,TOR09-Z-2201,TOR09,Z-2201,2026-03-12,2026-03-12,2026-09-08,6,active,บริการของ wyde
WAR-383,TOR09-Z-2206,TOR09,Z-2206,2026-04-29,2026-04-29,2026-10-26,6,active,บริการของ wyde
WAR-384,TOR09-Z-2210,TOR09,Z-2210,2026-02-10,2026-02-10,2026-08-09,6,active,บริการของ wyde
WAR-385,TOR09-Z-2211,TOR09,Z-2211,2026-06-01,2026-06-01,2026-11-28,5,active,บริการของ wyde
WAR-386,TOR09-Z-2221,TOR09,Z-2221,2026-02-05,2026-02-05,2026-08-04,6,active,บริการของ wyde
WAR-387,TOR09-Z-2223,TOR09,Z-2223,2026-02-25,2026-02-25,2026-08-24,6,active,บริการของ wyde
WAR-388,TOR09-Z-2303,TOR09,Z-2303,2026-01-27,2026-01-27,2026-07-26,6,active,บริการของ wyde
WAR-389,TOR09-Z-2315,TOR09,Z-2315,2026-05-06,2026-05-06,2026-11-02,6,active,บริการของ wyde
WAR-390,TOR09-Z-2315,TOR09,Z-2315,2026-05-06,2026-05-06,2026-11-02,6,active,บริการของ wyde
WAR-391,TOR09-Z-2326,TOR09,Z-2326,2026-02-25,2026-02-25,2026-08-24,6,active,บริการของ wyde
WAR-392,TOR09-Z-2327,TOR09,Z-2327,2026-02-25,2026-02-25,2026-08-24,6,active,บริการของ wyde
WAR-393,TOR09-Z-2506,TOR09,Z-2506,2026-04-28,2026-04-28,2026-10-25,6,active,บริการของ wyde
WAR-394,TOR09-Z-2507,TOR09,Z-2507,2026-02-25,2026-02-25,2026-08-24,6,active,บริการของ wyde
WAR-395,TOR09-Z-2511,TOR09,Z-2511,2026-05-26,2026-05-26,2026-11-22,6,active,บริการของ wyde
WAR-396,TOR09-Z-2610,TOR09,Z-2610,2026-05-06,2026-05-06,2026-11-02,6,active,บริการของ wyde
WAR-397,TOR09-Z-2611,TOR09,Z-2611,2026-03-26,2026-03-26,2026-09-22,6,active,บริการของ wyde
WAR-398,TOR09-Z-2614,TOR09,Z-2614,2026-05-06,2026-05-06,2026-11-02,6,active,บริการของ wyde
WAR-399,TOR09-Z-2617,TOR09,Z-2617,2026-01-20,2026-01-20,2026-07-19,6,active,บริการของ wyde
WAR-400,TOR09-Z-2815,TOR09,Z-2815,2026-02-25,2026-02-25,2026-08-24,6,active,บริการของ wyde
WAR-401,TOR09-Z-2816,TOR09,Z-2816,2026-04-01,2026-04-01,2026-09-28,5,active,บริการของ wyde
WAR-402,TOR09-Z-2817,TOR09,Z-2817,2026-06-24,2026-06-24,2026-12-21,6,active,บริการของ wyde
WAR-403,TOR09-Z-2916,TOR09,Z-2916,2026-06-02,2026-06-02,2026-11-29,5,active,บริการของ wyde
WAR-404,TOR09-Z-2917,TOR09,Z-2917,2026-04-28,2026-04-28,2026-10-25,6,active,บริการของ wyde
WAR-405,TOR09-Z-2918,TOR09,Z-2918,2026-04-28,2026-04-28,2026-10-25,6,active,บริการของ wyde
WAR-406,TOR09-Z-3009,TOR09,Z-3009,2026-05-25,2026-05-25,2026-11-21,6,active,บริการของ wyde
WAR-407,TOR09-Z-3009,TOR09,Z-3009,2026-05-25,2026-05-25,2026-11-21,6,active,บริการของ wyde
WAR-408,TOR09-Z-3104,TOR09,Z-3104,2026-06-04,2026-06-04,2026-12-01,6,active,บริการของ wyde
WAR-409,TOR09-Z-3111,TOR09,Z-3111,2026-02-25,2026-02-25,2026-08-24,6,active,บริการของ wyde
WAR-410,TOR09-Z-3112,TOR09,Z-3112,2026-02-06,2026-02-06,2026-08-05,6,active,บริการของ wyde
WAR-411,TOR09-Z-3206,TOR09,Z-3206,2026-04-29,2026-04-29,2026-10-26,6,active,บริการของ wyde
WAR-412,TOR09-Z-3301,TOR09,Z-3301,2026-02-25,2026-02-25,2026-08-24,6,active,บริการของ wyde
WAR-413,TOR09-Z-3515,TOR09,Z-3515,2026-02-23,2026-02-23,2026-08-22,6,active,บริการของ wyde
WAR-414,TOR09-Z-3515,TOR09,Z-3515,2026-02-25,2026-02-25,2026-08-24,6,active,บริการของ wyde
